0,0.51,7.92,139.25
0,0.51,7.92,139.25
0,0.51,7.92,139.25
0,0.51,7.92,139.25
0,0.51,7.92,139.25
0,0.51,7.92,139.25
0,0.51,7.92,139.25
0,0.51,7.92,139.25
0,0.51,7.92,139.25
0,0.51,7.92,139.25
0,0.51,7.92,139.25
0,0.51,7.92,139.25
0,0.51,7.92,139.25
0,0.51,7.92,139.25
0,0.51,7.92,139.25
0,0.51,7.92,139.25
0,0.51,7.92,139.25
0,0.51,7.92,139.25
0,0.51,7.92,139.25
0,0.51,7.92,139.25
0,0.51,7.92,139.25
0,0.51,7.92,139.25
0,0.51,7.92,139.25
0,0.51,7.92,139.25
0,0.51,7.92,139.25
0,0.51,7.92,139.25
0,0.51,7.92,139.25
0,0.51,7.92,139.25
0,0.51,7.92,139.25
0,0.51,7.92,139.25
0,0.51,7.92,139.25
0,0.51,7.92,139.25
0,0.51,7.92,139.25
0,0.51,7.92,139.25
0.01,1.1,9.29,137.29
0.02,2.53,10.65,134.84
0.02,2.53,10.65,134.84
0.03,0.25,12,135.33
0.04,2.11,13.33,135.33
0.05,3.38,14.64,128.47
0.06,-1.35,15.94,126.02
0.07,1.1,17.23,127
0.08,-0.59,18.51,130.92
0.09,0.51,19.79,126.51
0.1,2.7,21.06,127.49
0.11,3.72,22.33,126.02
0.12,2.7,23.58,125.53
0.13,3.21,24.83,124.54
0.14,2.28,26.07,124.05
0.15,4.14,27.3,121.6
0.16,2.96,28.53,121.6
0.17,4.14,29.74,122.09
0.18,2.96,30.95,120.62
0.19,4.05,32.16,119.64
0.2,4.9,33.35,119.15
0.21,4.73,34.55,119.64
0.22,5.07,35.73,118.17
0.23,5.66,36.91,115.72
0.24,6.08,38.08,117.19
0.25,6.25,39.24,117.19
0.26,6.25,40.4,114.74
0.27,5.83,41.55,114.74
0.28,7.69,42.7,115.72
0.29,6.34,43.85,114.25
0.3,7.94,44.98,111.8
0.31,9.12,46.12,113.76
0.32,9.38,47.24,112.29
0.33,8.79,48.37,112.78
0.34,10.14,49.5,112.29
0.34,10.14,49.5,112.29
0.35,8.28,50.62,112.29
0.36,10.48,51.73,112.29
0.37,10.9,52.85,110.32
0.38,11.24,53.95,110.82
0.39,11.58,55.05,108.85
0.4,12.17,56.15,108.85
0.41,13.35,57.24,110.32
0.42,13.18,58.32,108.85
0.43,14.11,59.39,105.91
0.44,14.37,60.46,103.95
0.45,14.45,61.51,105.91
0.46,15.97,62.56,104.44
0.47,15.97,63.6,104.44
0.48,16.65,64.64,103.95
0.49,17.16,65.68,102.48
0.5,17.67,66.71,102.48
0.51,18.93,67.73,102.48
0.52,19.53,68.75,102.97
0.53,19.19,69.77,101.99
0.54,19.78,70.78,99.05
0.55,20.96,71.78,99.54
0.56,21.81,72.77,100.03
0.57,22.32,73.76,99.05
0.58,22.74,74.75,96.6
0.59,23.93,75.72,97.58
0.6,24.35,76.69,97.09
0.61,24.6,77.65,96.11
0.62,25.79,78.6,94.63
0.63,26.3,79.55,93.65
0.64,27.4,80.49,94.14
0.65,28.58,81.42,92.18
0.66,29.6,82.35,93.65
0.66,29.6,82.35,93.65
0.67,29.68,83.26,89.73
0.68,30.45,84.17,89.73
0.69,32.31,85.07,91.69
0.7,32.73,85.97,89.24
0.71,33.75,86.86,87.28
0.72,34.17,87.74,88.26
0.73,35.53,88.62,88.26
0.74,36.72,89.49,86.79
0.75,37.14,90.35,84.83
0.76,37.99,91.2,84.83
0.77,37.99,92.04,83.85
0.78,39.43,92.88,82.87
0.79,39.85,93.71,82.38
0.8,40.36,94.53,82.38
0.81,41.55,95.34,81.4
0.82,42.4,96.15,79.92
0.83,43.24,96.94,78.45
0.84,44.18,97.73,78.45
0.85,45.03,98.51,77.96
0.86,46.21,99.28,76.49
0.87,46.98,100.04,75.02
0.88,47.66,100.8,75.51
0.89,47.99,101.55,74.53
0.9,48.93,102.29,74.04
0.91,50.03,103.02,74.04
0.92,51.3,103.74,73.55
0.93,52.66,104.44,70.61
0.94,53.26,105.1,66.19
0.95,55.21,105.72,59.82
0.96,55.63,106.29,53.45
0.97,56.48,106.81,49.03
0.98,57.59,107.27,44.13
0.98,57.59,107.27,44.13
0.99,58.52,107.68,38.25
1,60.13,108.03,32.36
1.01,60.56,108.32,26.97
1.02,61.92,108.56,20.59
1.03,62.51,108.75,13.24
1.04,64.04,108.88,11.77
1.05,65.06,108.98,5.39
1.06,66.42,109.05,3.43
1.07,67.61,109.09,2.94
1.08,68.29,109.12,1.47
1.09,69.4,109.13,0.98
1.1,69.57,109.13,-0.49
1.11,71.52,109.11,-1.96
1.12,73.05,109.08,-3.92
1.13,74.41,109.03,-4.9
1.14,75.61,108.97,-7.85
1.15,76.29,108.89,-9.32
1.16,77.39,108.79,-11.28
1.17,78.84,108.68,-12.26
1.18,80.37,108.56,-12.75
1.19,81.56,108.42,-13.24
1.2,82.67,108.29,-14.71
1.21,84.46,108.15,-15.2
1.22,85.31,108,-14.22
1.23,85.22,107.85,-15.2
1.24,86.07,107.71,-14.22
1.25,87.69,107.56,-15.69
1.26,88.37,107.41,-14.71
1.27,89.82,107.26,-13.24
1.28,90.67,107.12,-16.18
1.29,92.12,106.97,-15.2
1.3,93.48,106.83,-13.24
1.3,93.48,106.83,-13.24
1.31,94.42,106.69,-12.75
1.32,95.45,106.55,-14.22
1.32,95.45,106.55,-14.22
1.33,97.06,106.4,-15.2
1.34,97.58,106.26,-14.22
1.35,100.05,106.12,-14.22
1.36,100.22,105.98,-14.71
1.37,101.24,105.83,-14.22
1.38,101.84,105.69,-13.24
1.39,103.89,105.55,-14.22
1.4,104.91,105.41,-14.22
1.41,105.93,105.26,-15.69
1.42,106.96,105.12,-13.24
1.43,107.73,104.98,-13.73
1.44,109.35,104.83,-15.69
1.45,110.71,104.69,-14.22
1.46,111.74,104.55,-14.22
1.47,112.68,104.4,-14.22
1.48,113.87,104.26,-14.22
1.49,115.24,104.12,-14.22
1.5,116.35,103.98,-13.24
1.51,117.63,103.84,-14.22
1.52,118.31,103.71,-13.73
1.53,119.34,103.57,-11.77
1.54,120.7,103.43,-15.2
1.55,121.99,103.3,-14.22
1.56,123.01,103.16,-12.75
1.57,123.61,103.02,-13.73
1.58,125.06,102.88,-15.69
1.59,126,102.73,-14.22
1.6,127.2,102.59,-13.24
1.61,128.14,102.45,-14.22
1.62,129.59,102.31,-16.18
1.62,129.59,102.31,-16.18
1.63,130.53,102.16,-13.24
1.64,132.42,102.02,-12.75
1.65,132.93,101.88,-15.69
1.66,134.3,101.74,-14.71
1.67,135.24,101.59,-13.24
1.68,136.18,101.45,-14.22
1.69,137.46,101.31,-14.71
1.7,138.58,101.17,-14.22
1.71,140.29,101.04,-12.26
1.72,140.97,100.9,-12.75
1.73,142.17,100.76,-15.2
1.74,142.94,100.62,-14.22
1.75,142.94,100.48,-13.73
1.76,144.57,100.35,-13.73
1.77,145.85,100.21,-13.24
1.78,146.54,100.07,-14.71
1.79,148.25,99.93,-13.73
1.8,148.94,99.79,-14.22
1.81,150.65,99.65,-11.77
1.82,151.59,99.52,-14.22
1.83,152.54,99.38,-16.18
1.84,153.22,99.24,-13.24
1.85,154.42,99.1,-12.26
1.86,155.79,98.96,-16.18
1.87,156.99,98.82,-12.75
1.88,158.11,98.68,-14.22
1.89,158.71,98.54,-13.73
1.9,159.74,98.4,-14.22
1.91,160.6,98.26,-13.73
1.92,161.97,98.13,-13.24
1.93,162.83,97.99,-13.24
1.94,164.03,97.86,-12.75
1.94,164.03,97.86,-12.75
1.95,164.54,97.73,-13.73
1.96,165.83,97.59,-14.22
1.97,165.83,97.46,-13.73
1.98,166.77,97.32,-13.24
1.99,167.46,97.19,-12.26
2,168.92,97.05,-13.73
2.01,170.55,96.91,-14.71
2.02,171.24,96.77,-14.22
2.03,172.01,96.63,-14.22
2.04,173.3,96.49,-13.73
2.05,174.76,96.36,-13.24
2.06,175.45,96.22,-14.22
2.07,176.73,96.09,-12.75
2.08,178.11,95.95,-13.24
2.09,178.37,95.82,-13.24
2.1,179.65,95.69,-12.75
2.11,180.43,95.56,-12.75
2.12,181.46,95.44,-12.26
2.13,182.06,95.31,-13.24
2.14,182.58,95.17,-13.24
2.15,183.69,95.04,-13.73
2.16,185.16,94.91,-13.73
2.17,185.5,94.77,-13.73
2.18,186.7,94.63,-13.73
2.19,187.65,94.5,-13.24
2.2,188.77,94.36,-13.73
2.21,189.8,94.23,-13.73
2.22,190.49,94.09,-12.75
2.23,191.43,93.96,-13.73
2.24,192.55,93.83,-12.75
2.25,193.93,93.7,-13.24
2.26,194.44,93.57,-13.24
2.26,194.44,93.57,-13.24
2.27,195.65,93.43,-13.24
2.28,196.17,93.3,-12.75
2.29,197.63,93.17,-13.24
2.3,198.06,93.04,-13.24
2.31,199.44,92.91,-13.24
2.32,200.04,92.78,-12.26
2.33,201.25,92.64,-14.22
2.34,202.02,92.51,-15.2
2.35,202.62,92.37,-12.26
2.36,204,92.24,-11.77
2.37,204.35,92.11,-14.22
2.38,205.64,91.98,-13.73
2.39,206.67,91.85,-12.26
2.4,207.62,91.72,-11.28
2.41,207.88,91.59,-14.71
2.42,209.43,91.45,-14.71
2.43,211.15,91.32,-12.26
2.44,211.24,91.19,-12.26
2.45,211.41,91.06,-13.24
2.46,213.13,90.93,-13.73
2.47,214.08,90.8,-11.77
2.48,214.77,90.67,-13.24
2.49,215.98,90.54,-14.22
2.5,216.93,90.41,-11.77
2.51,216.93,90.28,-12.75
2.52,218.14,90.15,-14.22
2.53,219.6,90.02,-12.26
2.54,220.38,89.9,-12.75
2.55,221.76,89.77,-12.75
2.56,222.62,89.64,-13.24
2.57,223.31,89.51,-12.26
2.58,224.52,89.38,-13.24
2.58,224.52,89.38,-13.24
2.59,224.78,89.26,-13.24
2.6,225.99,89.13,-11.77
2.61,226.76,89,-11.77
2.62,227.8,88.88,-13.24
2.63,228.23,88.75,-14.22
2.64,229.01,88.62,-12.26
2.65,230.74,88.49,-11.77
2.66,231.17,88.36,-14.22
2.67,232.12,88.23,-12.75
2.68,233.15,88.1,-13.24
2.69,234.02,87.97,-12.26
2.7,234.71,87.84,-12.75
2.71,235.4,87.72,-12.75
2.72,237.04,87.59,-12.75
2.73,237.47,87.46,-13.24
2.74,238.94,87.34,-12.26
2.75,239.55,87.21,-11.77
2.76,240.33,87.08,-13.73
2.77,241.02,86.95,-13.73
2.78,241.97,86.82,-12.75
2.79,242.75,86.69,-11.77
2.8,243.61,86.56,-14.22
2.81,244.65,86.43,-13.73
2.82,245.6,86.3,-11.28
2.83,246.72,86.18,-11.77
2.84,247.85,86.05,-14.22
2.85,248.71,85.92,-13.73
2.86,249.58,85.79,-11.77
2.87,250.53,85.66,-12.26
2.88,251.05,85.53,-14.22
2.89,252.95,85.4,-13.24
2.9,253.04,85.27,-11.28
2.9,253.04,85.27,-11.28
2.91,253.9,85.15,-12.75
2.92,254.77,85.02,-14.22
2.93,255.38,84.89,-13.24
2.94,256.24,84.76,-11.28
2.95,258.23,84.64,-12.75
2.96,258.75,84.51,-12.26
2.97,259.19,84.39,-12.75
2.98,260.48,84.26,-12.75
2.99,260.92,84.14,-12.75
3,261.7,84.01,-11.77
3.01,262.91,83.89,-12.26
3.02,263.78,83.77,-12.75
3.03,264.12,83.64,-11.28
3.04,265.25,83.52,-12.75
3.05,265.86,83.39,-13.73
3.06,266.98,83.27,-12.26
3.07,268.2,83.15,-10.79
3.08,268.37,83.02,-13.73
3.09,269.84,82.89,-12.75
3.1,270.45,82.77,-12.26
3.11,270.71,82.64,-12.75
3.12,272.44,82.52,-12.26
3.13,272.62,82.4,-12.75
3.14,274.26,82.27,-11.77
3.15,274.7,82.15,-11.77
3.16,275.39,82.03,-12.26
3.17,276.35,81.91,-11.77
3.18,276.52,81.79,-11.77
3.19,277.99,81.67,-11.77
3.2,278.86,81.55,-12.75
3.21,279.38,81.43,-11.77
3.22,280.25,81.31,-12.26
3.22,280.25,81.31,-12.26
3.23,280.94,81.19,-12.26
3.24,282.42,81.06,-12.75
3.25,282.33,80.94,-12.75
3.26,283.03,80.82,-11.77
3.27,284.24,80.7,-11.77
3.28,285.37,80.57,-12.26
3.29,286.67,80.45,-12.26
3.3,286.5,80.33,-12.26
3.31,287.8,80.21,-11.77
3.32,288.84,80.1,-11.28
3.33,289.36,79.98,-11.77
3.34,290.41,79.86,-11.77
3.35,291.36,79.74,-12.26
3.36,292.14,79.62,-11.77
3.37,292.84,79.5,-12.26
3.38,293.62,79.38,-12.26
3.39,294.66,79.26,-12.26
3.4,295.62,79.14,-11.77
3.41,296.57,79.01,-12.26
3.42,297.01,78.89,-12.26
3.43,297.79,78.77,-12.75
3.44,298.4,78.65,-12.26
3.45,299.1,78.53,-11.77
3.46,299.96,78.4,-11.77
3.47,300.92,78.28,-12.75
3.48,301.36,78.16,-12.26
3.49,302.57,78.04,-11.77
3.5,303.36,77.92,-12.26
3.51,304.4,77.8,-11.77
3.52,305.44,77.68,-11.77
3.53,305.7,77.56,-11.77
3.54,306.83,77.45,-11.77
3.54,306.83,77.45,-11.77
3.55,307.44,77.33,-11.28
3.56,308.4,77.22,-11.77
3.57,308.57,77.1,-11.28
3.58,309.79,76.98,-11.77
3.59,310.58,76.86,-11.77
3.6,311.36,76.75,-12.26
3.61,312.23,76.63,-11.77
3.62,313.45,76.51,-11.77
3.63,314.14,76.39,-11.77
3.64,314.23,76.27,-12.26
3.65,314.84,76.15,-12.26
3.66,315.45,76.03,-11.77
3.67,317.02,75.92,-11.28
3.68,317.37,75.8,-11.28
3.69,317.89,75.68,-11.77
3.7,319.02,75.57,-11.77
3.71,319.46,75.45,-11.77
3.72,320.76,75.33,-11.77
3.73,321.46,75.21,-12.26
3.74,321.9,75.1,-11.28
3.75,322.85,74.98,-11.77
3.76,323.2,74.86,-11.77
3.77,323.64,74.75,-11.77
3.78,325.29,74.63,-11.28
3.79,325.9,74.51,-11.77
3.8,326.51,74.4,-11.77
3.81,326.95,74.28,-11.77
3.82,328.08,74.16,-11.28
3.83,328.34,74.05,-11.77
3.84,329.3,73.93,-11.77
3.85,331.13,73.81,-12.26
3.86,330.87,73.69,-12.26
3.86,330.87,73.69,-12.26
3.87,331.66,73.57,-11.77
3.88,332.36,73.45,-11.77
3.89,333.49,73.33,-11.77
3.9,334.27,73.22,-11.28
3.91,334.62,73.1,-11.77
3.92,335.5,72.98,-11.77
3.93,336.02,72.87,-11.77
3.94,336.89,72.75,-12.26
3.95,337.85,72.63,-11.28
3.96,338.11,72.51,-11.28
3.97,339.33,72.4,-11.77
3.98,340.21,72.28,-11.77
3.99,340.64,72.16,-12.26
4,341.17,72.04,-12.26
4.01,342.48,71.92,-11.77
4.02,343,71.8,-11.77
4.03,342.91,71.69,-11.28
4.04,344.14,71.57,-11.77
4.05,344.05,71.46,-11.28
4.06,345.71,71.34,-11.28
4.07,346.49,71.23,-11.28
4.08,347.19,71.11,-11.77
4.09,347.72,71,-11.28
4.1,348.76,70.89,-11.77
4.11,349.11,70.77,-11.28
4.12,349.9,70.66,-11.28
4.13,350.86,70.54,-11.28
4.14,351.38,70.43,-11.28
4.15,352.17,70.31,-12.26
4.16,352.26,70.2,-11.28
4.17,353.57,70.08,-10.79
4.18,354.18,69.97,-11.77
4.18,354.18,69.97,-11.77
4.19,355.05,69.86,-11.77
4.2,355.67,69.74,-11.28
4.21,356.45,69.63,-11.28
4.22,356.89,69.51,-11.77
4.23,358.03,69.4,-11.28
4.24,358.81,69.28,-11.28
4.25,359.25,69.17,-11.77
4.26,360.13,69.05,-11.28
4.27,361.09,68.94,-11.28
4.28,361.7,68.83,-11.77
4.29,362.31,68.71,-11.28
4.3,362.92,68.6,-11.28
4.31,363.8,68.48,-11.28
4.32,364.5,68.37,-11.28
4.33,364.32,68.26,-11.77
4.34,365.99,68.14,-11.28
4.35,366.42,68.03,-11.28
4.36,367.3,67.92,-11.28
4.37,368,67.8,-11.28
4.38,368.35,67.69,-11.28
4.39,369.14,67.58,-11.28
4.4,369.22,67.46,-11.28
4.41,370.89,67.35,-11.28
4.42,370.45,67.24,-11.77
4.43,371.32,67.12,-11.28
4.44,372.2,67.01,-11.77
4.45,373.16,66.89,-11.28
4.46,373.95,66.78,-11.28
4.47,374.48,66.67,-11.28
4.48,375.44,66.55,-11.28
4.49,376.05,66.44,-11.28
4.5,376.75,66.33,-11.28
4.5,376.75,66.33,-11.28
4.51,376.93,66.22,-11.28
4.52,378.59,66.1,-10.79
4.53,378.77,65.99,-11.28
4.54,379.73,65.88,-11.28
4.55,379.99,65.77,-11.28
4.56,380.26,65.66,-11.28
4.57,381.13,65.54,-11.28
4.58,381.75,65.43,-11.28
4.59,382.36,65.32,-11.28
4.6,383.15,65.2,-11.28
4.61,383.32,65.09,-11.28
4.62,384.81,64.98,-11.28
4.63,385.16,64.86,-11.77
4.64,385.52,64.75,-11.28
4.65,386.39,64.64,-11.28
4.66,387.09,64.52,-11.28
4.67,387.44,64.41,-11.28
4.68,388.23,64.3,-11.28
4.69,388.67,64.18,-11.28
4.7,389.55,64.07,-11.28
4.71,390.34,63.96,-11.28
4.72,390.95,63.85,-10.79
4.73,391.39,63.73,-11.77
4.74,392,63.62,-11.28
4.75,393.06,63.51,-11.28
4.76,393.41,63.39,-11.77
4.77,393.67,63.28,-11.28
4.78,394.64,63.17,-11.28
4.79,395.51,63.05,-11.28
4.8,395.95,62.94,-10.79
4.81,396.74,62.83,-11.28
4.82,397.09,62.71,-11.77
4.82,397.09,62.71,-11.77
4.83,397.8,62.6,-11.28
4.84,398.94,62.48,-11.77
4.85,399.64,62.37,-11.77
4.86,399.38,62.26,-11.28
4.87,400.87,62.14,-11.28
4.88,400.96,62.03,-10.3
4.89,401.31,61.92,-11.28
4.9,402.62,61.81,-10.79
4.91,402.97,61.7,-11.28
4.92,403.76,61.59,-11.28
4.93,404.03,61.48,-11.77
4.94,404.47,61.36,-10.79
4.95,405.08,61.25,-11.77
4.96,406.4,61.14,-11.77
4.97,406.66,61.02,-10.79
4.98,407.19,60.91,-10.79
4.99,408.07,60.8,-10.79
5,409.04,60.69,-11.28
5.01,408.95,60.58,-11.28
5.02,409.21,60.47,-11.28
5.03,410.79,60.36,-11.28
5.04,410.53,60.25,-10.79
5.05,411.14,60.13,-11.28
5.06,412.11,60.02,-10.79
5.07,412.9,59.91,-11.28
5.08,413.08,59.8,-10.79
5.09,413.87,59.69,-11.28
5.1,414.48,59.58,-11.28
5.11,414.84,59.47,-10.79
5.12,415.8,59.36,-10.79
5.13,416.33,59.25,-11.28
5.14,416.77,59.14,-11.28
5.14,416.77,59.14,-11.28
5.15,417.56,59.03,-11.28
5.16,418.26,58.92,-11.28
5.17,418.62,58.8,-10.79
5.18,419.41,58.69,-10.79
5.19,419.5,58.58,-11.77
5.2,420.82,58.47,-10.79
5.21,420.99,58.36,-10.79
5.22,422.13,58.25,-11.28
5.23,422.31,58.14,-11.28
5.24,423.01,58.03,-11.28
5.25,423.37,57.91,-11.28
5.26,423.72,57.8,-11.28
5.27,424.95,57.69,-11.77
5.28,425.3,57.57,-10.79
5.29,425.65,57.46,-10.79
5.3,426.62,57.35,-11.77
5.31,426.8,57.24,-10.79
5.32,427.85,57.13,-11.28
5.33,428.03,57.02,-10.79
5.34,428.91,56.91,-11.28
5.35,429,56.8,-11.28
5.36,429.7,56.68,-11.28
5.37,430.14,56.57,-10.79
5.38,431.11,56.46,-10.79
5.39,431.2,56.36,-11.28
5.4,432.34,56.25,-10.3
5.41,432.7,56.14,-10.79
5.42,432.79,56.03,-10.79
5.43,433.14,55.92,-11.28
5.44,434.02,55.81,-11.28
5.45,434.72,55.7,-11.28
5.46,435.43,55.59,-10.79
5.46,435.43,55.59,-10.79
5.47,435.69,55.48,-10.79
5.48,435.96,55.37,-10.79
5.49,437.01,55.26,-10.79
5.5,437.72,55.15,-11.77
5.51,438.07,55.04,-11.28
5.52,438.86,54.93,-10.79
5.53,438.95,54.82,-10.79
5.54,439.66,54.71,-11.28
5.55,441.07,54.6,-10.79
5.56,440.63,54.49,-10.79
5.57,441.6,54.38,-10.3
5.58,442.12,54.28,-10.79
5.59,441.95,54.17,-10.79
5.6,443.09,54.06,-10.79
5.61,443.62,53.95,-11.28
5.62,443.89,53.84,-11.28
5.63,444.42,53.73,-11.28
5.64,445.12,53.61,-11.28
5.65,445.65,53.5,-11.28
5.66,446.18,53.39,-11.28
5.67,446.71,53.28,-11.28
5.68,447.5,53.17,-10.3
5.69,447.59,53.06,-10.79
5.7,448.21,52.95,-11.28
5.71,448.12,52.84,-11.28
5.72,449.53,52.73,-10.79
5.73,450.15,52.62,-11.28
5.74,450.24,52.51,-10.79
5.75,449.97,52.4,-11.28
5.76,451.56,52.29,-10.79
5.77,451.91,52.18,-10.79
5.78,451.91,52.07,-10.79
5.78,451.91,52.07,-10.79
5.79,453.06,51.96,-10.79
5.8,453.32,51.85,-10.79
5.81,453.77,51.74,-10.79
5.82,454.74,51.63,-11.28
5.83,454.74,51.52,-11.28
5.84,455.27,51.41,-11.28
5.85,455.8,51.3,-11.28
5.86,456.15,51.19,-10.79
5.87,457.12,51.08,-10.79
5.88,457.74,50.97,-10.79
5.89,457.91,50.86,-11.28
5.9,458.71,50.75,-10.79
5.91,458.71,50.64,-11.28
5.92,459.41,50.53,-11.28
5.93,459.86,50.42,-11.28
5.94,460.47,50.31,-11.28
5.95,461.09,50.19,-10.79
5.96,461.53,50.08,-10.79
5.97,462.15,49.97,-11.28
5.98,462.59,49.86,-11.28
5.99,463.65,49.75,-10.79
6,464.36,49.65,-10.79
6.01,464.36,49.54,-10.3
6.02,465.07,49.43,-10.79
6.03,465.07,49.32,-10.79
6.04,465.33,49.21,-11.28
6.05,466.83,49.11,-10.79
6.06,466.22,49,-10.79
6.07,466.57,48.89,-10.79
6.08,468.16,48.78,-10.79
6.09,468.6,48.67,-10.3
6.1,468.51,48.57,-11.28
6.1,468.51,48.57,-11.28
6.11,468.78,48.46,-10.79
6.12,469.31,48.35,-10.79
6.13,470.37,48.24,-10.79
6.14,470.81,48.13,-10.79
6.15,470.81,48.02,-11.28
6.16,471.43,47.92,-10.79
6.17,471.78,47.81,-10.79
6.18,472.76,47.7,-10.3
6.19,473.2,47.59,-10.79
6.2,472.76,47.48,-11.28
6.21,473.82,47.37,-10.79
6.22,474.35,47.26,-10.79
6.23,475.32,47.15,-11.28
6.24,475.85,47.04,-11.28
6.25,476.03,46.93,-10.79
6.26,476.03,46.82,-10.79
6.27,476.91,46.71,-11.28
6.28,477.53,46.6,-10.79
6.29,477.97,46.49,-10.79
6.3,478.24,46.38,-11.28
6.31,478.86,46.27,-11.28
6.32,479.12,46.16,-10.79
6.33,479.65,46.06,-10.79
6.34,480.27,45.95,-10.79
6.35,480.8,45.84,-10.79
6.36,481.33,45.73,-10.3
6.37,480.89,45.63,-10.79
6.38,482.31,45.52,-10.79
6.39,482.04,45.41,-10.79
6.4,482.93,45.3,-10.79
6.41,483.28,45.2,-10.79
6.42,483.46,45.09,-10.79
6.42,483.46,45.09,-10.79
6.43,483.64,44.98,-10.79
6.44,484.34,44.87,-10.3
6.45,485.41,44.77,-10.79
6.46,485.32,44.66,-11.28
6.47,486.2,44.55,-10.79
6.48,486.38,44.44,-10.79
6.49,486.73,44.34,-10.79
6.5,486.56,44.23,-9.81
6.51,487.8,44.12,-10.79
6.52,488.24,44.02,-11.28
6.53,488.15,43.91,-10.79
6.54,488.95,43.8,-10.79
6.55,489.12,43.69,-10.79
6.56,490.01,43.58,-11.28
6.57,490.54,43.47,-10.3
6.58,490.1,43.37,-10.79
6.59,491.25,43.26,-10.79
6.6,491.16,43.16,-10.79
6.61,491.6,43.05,-9.81
6.62,492.67,42.95,-10.3
6.63,493.38,42.84,-10.79
6.64,493.11,42.73,-10.3
6.65,493.64,42.63,-11.28
6.66,494.35,42.52,-10.79
6.67,494.35,42.41,-11.28
6.68,495.41,42.3,-11.28
6.69,494.97,42.19,-10.79
6.7,495.59,42.08,-10.3
6.71,496.3,41.97,-10.79
6.72,496.92,41.87,-10.79
6.73,497.1,41.76,-10.3
6.74,497.54,41.66,-10.3
6.74,497.54,41.66,-10.3
6.75,497.81,41.55,-10.79
6.76,498.16,41.44,-10.79
6.77,498.96,41.34,-10.79
6.78,499.84,41.23,-10.79
6.79,499.93,41.12,-10.3
6.8,499.4,41.02,-10.79
6.81,499.93,40.91,-10.79
6.82,500.55,40.81,-10.3
6.83,500.91,40.7,-10.3
6.84,501.09,40.59,-10.79
6.85,501.35,40.49,-10.79
6.86,501.88,40.38,-10.79
6.87,502.24,40.27,-10.79
6.88,502.59,40.16,-10.79
6.89,503.04,40.06,-11.28
6.9,503.66,39.95,-10.79
6.91,503.57,39.84,-10.79
6.92,504.19,39.73,-10.79
6.93,504.63,39.62,-10.79
6.94,505.16,39.52,-10.3
6.95,505.25,39.41,-10.79
6.96,505.78,39.31,-10.3
6.97,506.76,39.2,-10.3
6.98,507.29,39.1,-10.79
6.99,507.29,38.99,-10.79
7,508,38.88,-10.3
7.01,508,38.77,-10.79
7.02,508,38.67,-11.28
7.03,509.16,38.56,-10.79
7.04,508.98,38.45,-10.79
7.05,509.24,38.34,-10.3
7.06,509.78,38.24,-10.79
7.06,509.78,38.24,-10.79
7.07,510.22,38.13,-10.79
7.08,510.66,38.02,-10.79
7.09,510.75,37.91,-11.28
7.1,511.82,37.8,-10.79
7.11,511.37,37.7,-10.79
7.12,512.08,37.59,-10.79
7.13,513.06,37.48,-10.79
7.14,513.5,37.37,-10.79
7.15,512.71,37.26,-10.79
7.16,513.68,37.15,-10.79
7.17,514.04,37.05,-10.79
7.18,514.3,36.94,-11.28
7.19,514.84,36.83,-10.3
7.2,514.75,36.72,-10.79
7.21,515.55,36.62,-10.3
7.22,515.63,36.51,-10.79
7.23,515.99,36.4,-10.79
7.24,516.26,36.3,-10.79
7.25,517.23,36.19,-10.79
7.26,517.85,36.08,-10.79
7.27,518.03,35.98,-10.79
7.28,518.48,35.87,-10.3
7.29,518.92,35.76,-10.3
7.3,518.92,35.66,-10.79
7.31,518.92,35.55,-10.3
7.32,519.45,35.45,-10.79
7.33,519.99,35.34,-10.79
7.34,520.07,35.23,-11.28
7.35,520.34,35.12,-10.79
7.36,521.23,35.01,-10.79
7.37,521.05,34.9,-10.79
7.38,521.67,34.8,-10.79
7.38,521.67,34.8,-10.79
7.39,521.67,34.69,-10.79
7.4,522.12,34.58,-10.3
7.41,522.56,34.48,-10.3
7.42,522.65,34.37,-10.79
7.43,523.18,34.27,-10.79
7.44,523.63,34.16,-10.79
7.45,524.16,34.05,-10.3
7.46,524.43,33.95,-10.79
7.47,524.96,33.84,-10.79
7.48,525.32,33.73,-10.79
7.49,524.96,33.63,-10.3
7.5,525.85,33.52,-10.79
7.51,525.58,33.42,-10.79
7.52,526.2,33.31,-10.3
7.53,526.47,33.21,-10.3
7.54,527.18,33.1,-10.3
7.55,527.36,33,-10.79
7.56,527.72,32.89,-10.79
7.57,528.16,32.79,-10.3
7.58,529.05,32.68,-9.81
7.59,528.69,32.58,-10.3
7.6,528.25,32.48,-10.3
7.61,528.6,32.37,-10.79
7.62,529.58,32.27,-10.79
7.63,530.12,32.16,-10.3
7.64,530.03,32.06,-10.3
7.65,531,31.95,-10.79
7.66,530.38,31.84,-10.79
7.67,531.54,31.74,-10.79
7.68,531.8,31.63,-10.79
7.69,531.89,31.52,-10.79
7.7,532.43,31.41,-10.79
7.7,532.43,31.41,-10.79
7.71,532.07,31.31,-10.79
7.72,532.96,31.2,-10.3
7.73,532.6,31.1,-10.3
7.74,533.41,30.99,-10.79
7.75,534.12,30.89,-10.3
7.76,533.67,30.78,-10.79
7.77,534.12,30.68,-10.3
7.78,534.56,30.57,-10.79
7.79,534.65,30.47,-10.3
7.8,535.01,30.36,-10.3
7.81,535.9,30.26,-10.3
7.82,535.72,30.15,-10.3
7.83,535.9,30.05,-10.3
7.84,536.25,29.95,-10.79
7.85,536.52,29.84,-10.79
7.86,536.87,29.73,-10.3
7.87,537.76,29.63,-10.79
7.88,537.32,29.52,-10.79
7.89,537.41,29.41,-10.79
7.9,538.39,29.31,-9.81
7.91,538.56,29.2,-11.28
7.92,538.74,29.1,-10.3
7.93,538.92,28.99,-10.3
7.94,539.72,28.89,-10.79
7.95,539.54,28.78,-10.79
7.96,540.08,28.67,-10.79
7.97,539.81,28.57,-10.79
7.98,540.52,28.46,-10.3
7.99,540.7,28.35,-10.79
8,540.52,28.24,-10.79
8.01,540.97,28.14,-10.79
8.02,541.41,28.03,-10.79
8.02,541.41,28.03,-10.79
8.03,541.68,27.92,-10.79
8.04,541.77,27.82,-10.3
8.05,541.95,27.71,-10.79
8.06,542.48,27.6,-10.79
8.07,542.84,27.5,-10.79
8.08,542.75,27.39,-10.3
8.09,543.1,27.29,-10.3
8.1,543.9,27.18,-10.79
8.11,543.99,27.08,-10.3
8.12,543.99,26.97,-10.79
8.13,544.44,26.86,-10.79
8.14,544.53,26.76,-10.3
8.15,544.71,26.65,-10.79
8.16,545.06,26.55,-10.3
8.17,545.24,26.44,-10.3
8.18,545.69,26.34,-10.3
8.19,546.22,26.24,-9.81
8.2,545.95,26.13,-10.79
8.21,546.31,26.03,-10.79
8.22,546.75,25.93,-9.81
8.23,546.4,25.82,-10.3
8.24,546.75,25.72,-10.79
8.25,547.56,25.62,-10.3
8.26,547.56,25.51,-10.3
8.27,547.47,25.41,-10.3
8.28,548.62,25.3,-10.79
8.29,548.36,25.2,-10.79
8.3,548.53,25.09,-10.79
8.31,549.16,24.98,-10.3
8.32,549.34,24.88,-10.3
8.33,549.69,24.77,-10.3
8.34,549.96,24.67,-10.79
8.34,549.96,24.67,-10.79
8.35,550.05,24.56,-10.79
8.36,550.32,24.46,-10.3
8.37,550.32,24.35,-10.79
8.38,550.58,24.25,-10.3
8.39,550.32,24.14,-10.3
8.4,550.67,24.04,-10.79
8.41,551.74,23.94,-9.81
8.42,551.47,23.83,-10.79
8.43,551.65,23.73,-10.3
8.44,551.74,23.62,-10.3
8.45,552.1,23.52,-10.3
8.46,552.63,23.42,-10.3
8.47,552.72,23.31,-10.79
8.48,553.17,23.21,-10.79
8.49,553.08,23.1,-10.3
8.5,553.61,23,-10.79
8.51,553.79,22.89,-10.3
8.52,553.7,22.79,-10.3
8.53,553.79,22.69,-9.32
8.54,554.33,22.59,-10.3
8.55,554.59,22.49,-10.3
8.56,554.86,22.38,-10.3
8.57,554.95,22.28,-9.81
8.58,555.13,22.18,-10.79
8.59,555.84,22.08,-10.3
8.6,555.66,21.97,-10.3
8.61,556.11,21.87,-10.3
8.62,556.29,21.76,-10.3
8.63,556.29,21.66,-10.79
8.64,556.38,21.55,-10.79
8.65,556.46,21.45,-10.79
8.66,557.27,21.34,-10.79
8.66,557.27,21.34,-10.79
8.67,557.18,21.23,-10.3
8.68,557.36,21.13,-10.79
8.69,557.09,21.02,-10.79
8.7,557.62,20.91,-10.3
8.71,557.98,20.81,-10.3
8.72,558.51,20.71,-10.3
8.73,557.98,20.6,-10.3
8.74,558.69,20.5,-10.3
8.75,559.23,20.4,-10.3
8.76,558.78,20.3,-10.3
8.77,558.69,20.19,-9.81
8.78,559.67,20.09,-10.3
8.79,559.67,19.99,-10.3
8.8,559.14,19.89,-10.3
8.81,559.67,19.79,-10.3
8.82,560.57,19.68,-10.3
8.83,560.39,19.58,-9.81
8.84,560.39,19.48,-9.81
8.85,560.74,19.38,-10.3
8.86,560.83,19.28,-9.81
8.87,560.48,19.18,-10.79
8.88,561.19,19.07,-10.3
8.89,561.19,18.97,-10.3
8.9,561.37,18.87,-10.79
8.91,561.81,18.76,-10.3
8.92,561.9,18.66,-10.79
8.93,562.62,18.55,-10.3
8.94,562.17,18.44,-10.3
8.95,562.62,18.34,-10.79
8.96,562.53,18.23,-10.79
8.97,562.62,18.13,-10.3
8.98,562.53,18.02,-10.3
8.98,562.53,18.02,-10.3
8.99,563.33,17.92,-10.79
9,563.51,17.81,-10.3
9.01,563.51,17.71,-10.3
9.02,563.69,17.61,-10.79
9.03,564.13,17.5,-9.81
9.04,564.22,17.4,-10.3
9.05,564.04,17.3,-10.3
9.06,564.31,17.2,-9.81
9.07,564.76,17.09,-10.3
9.08,565.11,16.99,-10.79
9.09,565.02,16.89,-10.3
9.1,565.65,16.78,-10.3
9.11,565.47,16.68,-10.79
9.12,565.56,16.58,-10.3
9.13,565.65,16.47,-10.3
9.14,565.56,16.37,-9.81
9.15,565.2,16.27,-9.81
9.16,565.92,16.17,-10.3
9.17,566.1,16.07,-10.3
9.18,566.18,15.97,-9.81
9.19,566.81,15.87,-10.3
9.2,566.72,15.76,-10.79
9.21,566.72,15.66,-9.81
9.22,567.08,15.56,-9.81
9.23,566.99,15.46,-10.3
9.24,567.25,15.36,-10.3
9.25,567.61,15.26,-10.3
9.26,567.61,15.15,-9.81
9.27,567.79,15.05,-10.3
9.28,568.33,14.95,-9.81
9.29,567.88,14.85,-10.3
9.3,568.15,14.75,-10.3
9.3,568.15,14.75,-10.3
9.31,568.59,14.64,-10.79
9.32,568.24,14.54,-10.3
9.33,568.77,14.43,-10.79
9.34,568.77,14.33,-10.3
9.35,568.86,14.23,-10.3
9.36,569.31,14.13,-9.81
9.37,568.95,14.02,-10.3
9.38,569.49,13.92,-9.81
9.39,569.49,13.82,-9.81
9.4,569.31,13.72,-10.3
9.41,569.66,13.62,-10.79
9.42,569.4,13.52,-9.81
9.43,570.11,13.41,-10.3
9.44,570.02,13.31,-10.3
9.45,569.84,13.2,-10.79
9.46,570.56,13.1,-11.28
9.47,570.47,12.99,-10.79
9.48,570.47,12.88,-10.3
9.49,570.38,12.78,-10.3
9.5,570.82,12.67,-10.3
9.51,570.65,12.57,-10.3
9.52,570.56,12.47,-10.79
9.53,570.47,12.36,-10.79
9.54,571.63,12.26,-10.3
9.55,571.81,12.15,-10.3
9.56,571.81,12.05,-10.79
9.57,571.63,11.94,-9.81
9.58,571.63,11.84,-10.3
9.59,571.81,11.74,-10.3
9.6,572.34,11.64,-10.3
9.61,571.99,11.53,-10.3
9.62,572.25,11.43,-9.81
9.62,572.25,11.43,-9.81
9.63,572.52,11.33,-10.3
9.64,572.25,11.23,-10.3
9.65,572.43,11.13,-10.3
9.66,572.7,11.02,-10.3
9.67,572.52,10.92,-10.3
9.68,572.52,10.82,-10.3
9.69,573.23,10.71,-10.3
9.7,573.23,10.61,-10.79
9.71,573.15,10.51,-9.81
9.72,573.15,10.41,-9.81
9.73,574.04,10.3,-10.3
9.74,573.15,10.2,-10.79
9.75,573.41,10.1,-10.3
9.76,573.68,10,-10.3
9.77,573.86,9.89,-9.81
9.78,573.95,9.79,-10.3
9.79,573.95,9.69,-9.81
9.8,574.84,9.59,-9.81
9.81,574.22,9.49,-9.81
9.82,574.04,9.39,-10.3
9.83,574.13,9.29,-9.81
9.84,574.48,9.19,-9.81
9.85,575.29,9.09,-10.3
9.86,574.57,8.99,-10.79
9.87,574.13,8.88,-10.3
9.88,574.93,8.78,-10.79
9.89,574.66,8.68,-10.3
9.9,575.11,8.57,-9.81
9.91,575.29,8.47,-10.79
9.92,575.02,8.37,-10.3
9.93,575.02,8.26,-10.3
9.94,575.47,8.16,-10.3
9.94,575.47,8.16,-10.3
9.95,575.2,8.06,-10.3
9.96,575.73,7.96,-10.3
9.97,575.47,7.86,-9.81
9.98,575.11,7.75,-9.32
9.99,575.65,7.65,-10.3
10,575.73,7.55,-10.79
10.01,575.65,7.45,-10.79
10.02,576,7.34,-9.81
10.03,576.45,7.24,-10.79
10.04,576.36,7.14,-10.3
10.05,575.91,7.04,-9.81
10.06,576.54,6.94,-9.32
10.07,576.72,6.84,-9.81
10.08,576.36,6.74,-10.79
10.09,576.18,6.63,-10.3
10.1,576.9,6.53,-10.3
10.11,576.27,6.43,-10.79
10.12,576.63,6.32,-9.81
10.13,576.72,6.22,-10.79
10.14,576.54,6.12,-10.3
10.15,576.99,6.01,-10.3
10.16,576.36,5.91,-10.3
10.17,577.16,5.81,-10.3
10.18,576.81,5.71,-9.81
10.19,576.99,5.61,-9.81
10.2,576.81,5.51,-10.3
10.21,576.72,5.4,-9.81
10.22,577.25,5.3,-10.79
10.23,577.07,5.2,-9.81
10.24,577.43,5.1,-9.81
10.25,577.16,5,-10.3
10.26,577.07,4.9,-10.3
10.26,577.07,4.9,-10.3
10.27,577.34,4.79,-10.3
10.28,577.43,4.69,-10.3
10.29,577.7,4.58,-10.79
10.3,577.88,4.48,-10.79
10.31,577.79,4.37,-10.79
10.32,577.97,4.27,-10.3
10.33,577.25,4.16,-10.79
10.34,577.7,4.05,-10.79
10.35,577.52,3.95,-10.3
10.36,577.7,3.85,-10.3
10.37,577.43,3.74,-9.81
10.38,578.32,3.64,-10.3
10.39,577.79,3.54,-9.81
10.4,577.7,3.44,-10.3
10.41,577.61,3.34,-10.3
10.42,578.15,3.24,-10.3
10.43,578.06,3.14,-9.81
10.44,577.88,3.05,-9.81
10.45,578.32,3,-10.3
10.46,578.5,3.04,-10.79
10.47,578.41,3.18,-9.32
10.48,-90.31,3.4,109.34
10.49,288.84,3.65,45.11
10.5,583.51,3.85,-7.85
10.51,580.38,3.95,-6.86
10.52,580.2,3.95,-11.77
10.53,579.84,3.86,-10.79
10.54,579.58,3.74,-24.03
10.55,580.11,3.61,-8.34
10.56,579.49,3.51,-10.3
10.56,579.49,3.51,-10.3
10.57,579.4,3.47,-14.71
10.58,579.4,3.47,-14.71
10.67,579.4,3.2,-9.32
10.77,579.13,2.88,-8.83
10.87,579.49,2.47,-14.22
10.9,579.49,2.47,-14.22
10.97,580.29,1.96,-10.79
11.07,579.84,1.34,-30.89
11.17,579.4,0.62,-9.81
11.22,579.4,0.62,-9.81
11.27,579.75,-0.2,-9.81
11.37,579.75,-1.12,-10.3
11.47,579.49,-2.08,-10.3
11.54,579.49,-2.08,-10.3
11.57,578.41,-3.12,-9.81
11.67,578.5,-4.25,-10.3
11.77,577.52,-5.42,-8.83
11.86,577.52,-5.42,-8.83
11.87,574.4,-6.67,-9.32
11.97,569.66,-7.96,-9.81
12.07,568.68,-9.24,-10.3
12.17,568.86,-10.49,-9.32
12.18,568.86,-10.49,-9.32
12.27,570.65,-11.71,-10.3
12.37,570.2,-12.92,-10.79
12.47,569.58,-14.49,-11.28
12.5,569.58,-14.49,-11.28
12.57,567.7,-15.49,-9.81
12.67,566.45,-16.41,-10.3
12.77,565.65,-17.31,-11.28
12.82,565.65,-17.31,-11.28
12.87,561.9,-18.2,-10.3
12.97,559.5,-19.07,-12.75
13.07,557.53,-19.92,-10.3
13.14,557.53,-19.92,-10.3
13.17,556.29,-20.71,-10.3
13.27,555.04,-21.38,-9.81
13.37,553.43,-21.92,-10.3
13.46,553.43,-21.92,-10.3
13.47,556.82,-22.36,-9.81
13.57,551.92,-22.71,-8.83
13.67,544.35,-22.96,-9.32
13.77,539.81,-23.12,-9.32
13.78,539.81,-23.12,-9.32
13.87,532.43,-23.23,-8.83
13.97,527.63,-23.31,-9.81
14.07,531.8,-23.35,-9.32
14.1,531.8,-23.35,-9.32
14.17,531.63,-23.36,-8.34
14.27,529.67,-23.36,-9.81
14.37,525.23,-23.39,-11.28
14.42,525.23,-23.39,-11.28
14.47,521.32,-23.45,-13.24
14.57,519.54,-23.55,-15.2
14.67,518.83,-23.7,-14.71
14.74,518.83,-23.7,-14.71
14.77,517.5,-23.8,-14.22
14.87,515.1,-23.96,-13.73
14.97,509.69,-24.15,-13.24
15.06,509.69,-24.15,-13.24
15.07,505.87,-24.27,-11.77
15.17,507.91,-24.37,-12.26
15.27,513.95,-24.46,-15.69
15.37,515.46,-24.44,-13.73
15.38,515.46,-24.44,-13.73
15.47,511.55,-24.33,-11.77
15.57,504.81,-24.2,-12.26
15.67,499.49,-24.14,-12.26
15.7,499.49,-24.14,-12.26
15.77,493.73,-24.07,-11.28
15.87,487.26,-24,-12.26
15.97,482.04,-23.91,-13.24
16.02,482.04,-23.91,-13.24
16.07,477.27,-23.79,-12.26
16.17,473.64,-23.7,-13.24
16.27,471.25,-23.57,-12.75
16.34,471.25,-23.57,-12.75
16.37,468.95,-23.73,-13.24
16.47,468.25,-23.72,-14.22
16.57,468.78,-23.95,-11.28
16.66,468.78,-23.95,-11.28
16.67,469.57,-24.4,-11.28
16.77,480.01,-24.8,-10.3
16.87,473.11,-25.22,-9.81
16.97,468.51,-25.92,-7.35
16.98,468.51,-25.92,-7.35
17.07,477.09,-26.81,-7.35
17.17,470.37,-27.79,-7.35
17.27,461.98,-28.75,-8.83
17.3,461.98,-28.75,-8.83
17.37,468.16,-29.66,-8.34
17.47,463.65,-30.78,-7.35
17.57,455,-31.99,-6.37
17.62,455,-31.99,-6.37
17.67,434.9,-33.05,-7.85
17.77,432.43,-34,-9.81
17.87,429.53,-34.86,-10.79
17.94,429.53,-34.86,-10.79
17.97,429.88,-35.6,-10.3
18.07,426.01,-36.29,-10.3
18.17,426.53,-36.84,-5.39
18.26,426.53,-36.84,-5.39
18.27,436.31,-37.22,34.81
18.37,400.43,-37.43,22.56
18.47,443.53,-37.5,19.12
18.57,411.14,-37.42,12.75
18.58,411.14,-37.42,12.75
18.67,391.74,-37.22,10.3
18.77,418.62,-36.87,11.28
18.87,423.28,-36.58,5.88
18.9,423.28,-36.58,5.88
18.97,390.07,-36.34,0.98
19.07,376.4,-36.07,-3.43
19.17,373.16,-35.85,-1.47
19.22,373.16,-35.85,-1.47
19.27,383.85,-35.71,5.88
19.37,396.04,-35.56,12.75
19.47,363.89,-35.48,18.63
19.54,363.89,-35.48,18.63
19.57,356.98,-35.47,-11.77
19.67,379.29,-35.57,-8.34
19.77,380.43,-35.68,-8.34
19.86,380.43,-35.68,-8.34
19.87,374.74,-35.76,-7.35
19.97,369.05,-35.8,-8.34
20.07,349.9,-35.8,-5.88
20.17,347.02,-35.77,0.98
20.18,347.02,-35.77,0.98
20.27,350.95,-35.63,-19.61
20.37,351.91,-35.68,-10.79
20.47,347.98,-35.44,-11.28
20.5,347.98,-35.44,-11.28
20.57,345.88,-35.35,-9.32
20.67,344.05,-35.25,-9.81
20.77,340.73,-34.88,-9.32
20.82,340.73,-34.88,-9.32
20.87,325.38,-34.41,-10.3
20.97,315.62,-34,-10.79
21.07,310.75,-33.53,-13.73
21.14,310.75,-33.53,-13.73
21.17,312.32,-32.91,-11.77
21.27,308.84,-32.11,-11.28
21.37,307.18,-31.22,-11.77
21.46,307.18,-31.22,-11.77
21.47,304.83,-30.46,-13.24
21.57,303.7,-29.68,-14.22
21.67,301.18,-28.77,-16.18
21.77,298.4,-27.91,-17.16
21.78,298.4,-27.91,-17.16
21.87,296.84,-27.16,-13.73
21.97,298.4,-26.51,-11.77
22.07,297.88,-26.31,-11.77
22.1,297.88,-26.31,-11.77
22.17,292.75,-26.37,-12.26
22.27,290.84,-26.44,-13.73
22.37,279.64,-26.65,-13.24
22.42,279.64,-26.65,-13.24
22.47,273.74,-27,-12.26
22.57,273.31,-27.55,-11.77
22.67,273.57,-28.22,-12.75
22.74,273.57,-28.22,-12.75
22.77,272.7,-28.95,-12.75
22.87,273.92,-29.84,-11.28
22.97,276.17,-30.74,-11.28
23.06,276.17,-30.74,-11.28
23.07,270.36,-31.69,-11.28
23.17,271.84,-32.54,-11.28
23.27,268.11,-33.29,-10.79
23.37,259.27,-33.93,-11.28
23.38,259.27,-33.93,-11.28
23.47,259.88,-34.39,-11.77
23.57,254.94,-34.67,-11.28
23.67,249.75,-34.77,-10.79
23.7,249.75,-34.77,-10.79
23.77,248.45,-34.64,-11.77
23.87,242.66,-34.3,-12.75
23.97,243.27,-33.71,-13.24
24.02,243.27,-33.71,-13.24
24.07,201.07,-32.92,59.82
24.09,201.07,-32.92,59.82
24.17,189.54,-31.97,-9.32
24.27,214.08,-30.84,-23.05
24.34,214.08,-30.84,-23.05
24.37,216.84,-29.61,-18.14
24.47,222.02,-28.25,12.26
24.57,210.55,-26.78,-8.34
24.66,210.55,-26.78,-8.34
24.67,212.27,-25.24,-14.22
24.77,216.07,-23.66,-19.12
24.87,207.88,-22.07,-157.89
24.97,207.36,-20.51,119.64
24.98,207.36,-20.51,119.64
25.07,193.07,-19.05,25.99
25.17,194.27,-17.67,16.67
25.27,194.36,-16.4,31.87
25.3,194.36,-16.4,31.87
25.37,191.78,-15.31,-469.25
25.47,195.05,-14.29,78.45
25.57,193.15,-13.4,4.41
25.62,193.15,-13.4,4.41
25.67,191.61,-12.62,13.24
25.77,192.29,-11.94,28.44
25.87,191.52,-11.36,17.16
25.94,191.52,-11.36,17.16
25.97,191,-10.85,-8.34
26.07,189.54,-10.61,-9.81
26.17,187.22,-10.39,-4.9
26.26,187.22,-10.39,-4.9
26.27,186.79,-10.03,29.91
26.37,185.5,-9.72,-2.94
26.47,184.47,-9.45,6.37
26.57,184.38,-9.31,-16.67
26.58,184.38,-9.31,-16.67
26.67,181.89,-9.22,-4.9
26.77,182.32,-9.16,0.49
26.87,182.32,-9.19,3.43
26.9,182.32,-9.19,3.43
26.97,181.37,-9.26,8.83
27.07,180.69,-9.43,3.92
27.17,178.8,-9.59,-6.37
27.22,178.8,-9.59,-6.37
27.27,178.19,-9.75,1.96
27.37,174.5,-9.93,1.47
27.47,176.3,-10.09,-4.9
27.54,176.3,-10.09,-4.9
27.57,176.13,-10.26,-9.81
27.67,174.84,-10.43,5.88
27.77,174.07,-10.6,-12.75
27.86,174.07,-10.6,-12.75
27.87,173.81,-10.76,3.92
27.97,171.58,-10.91,-1.96
28.07,171.24,-11.04,-2.45
28.17,170.12,-11.17,1.47
28.18,170.12,-11.17,1.47
28.27,169.09,-11.27,-2.94
28.37,164.54,-11.34,2.45
28.47,163.43,-11.39,-3.43
28.5,163.43,-11.39,-3.43
28.57,162.14,-11.4,-3.92
28.67,161.37,-11.4,-4.9
28.77,161.28,-11.35,-0.98
28.82,161.28,-11.35,-0.98
28.87,161.03,-11.27,-4.41
28.97,158.8,-11.16,-7.35
29.07,157.59,-11.04,-6.86
29.14,157.59,-11.04,-6.86
29.17,157.42,-10.91,-5.88
29.27,155.97,-10.76,-3.92
29.37,154.77,-10.61,-2.94
29.46,154.77,-10.61,-2.94
29.47,153.48,-10.42,-0.98
29.57,152.62,-10.24,-3.43
29.67,151.34,-10.06,-2.45
29.77,149.79,-9.89,-0.98
29.78,149.79,-9.89,-0.98
29.87,149.11,-9.74,-1.47
29.97,148.17,-9.6,-2.94
30.07,147.57,-9.49,-2.94
30.1,147.57,-9.49,-2.94
30.17,146.71,-9.4,2.94
30.27,145,-9.34,-0.98
30.37,144.48,-9.32,0.98
30.42,144.48,-9.32,0.98
30.47,143.8,-9.34,2.45
30.57,142.77,-9.39,3.43
30.67,142,-9.48,3.43
30.74,142,-9.48,3.43
30.77,142.26,-9.59,0.98
30.87,140.97,-9.74,0.98
30.97,140.55,-9.93,2.94
31.06,140.55,-9.93,2.94
31.07,139.09,-10.14,2.45
31.17,137.12,-10.38,2.94
31.27,137.98,-10.64,1.96
31.37,136.27,-10.91,2.94
31.38,136.27,-10.91,2.94
31.47,136.35,-11.19,2.45
31.57,134.38,-11.46,0.98
31.67,133.36,-11.72,0
31.7,133.36,-11.72,0
31.77,131.9,-11.97,4.41
31.87,129.77,-12.18,4.9
31.97,129.42,-12.37,2.45
32.02,129.42,-12.37,2.45
32.07,128.23,-12.52,1.47
32.17,126.34,-12.63,0.98
32.27,124.72,-12.72,0.98
32.34,124.72,-12.72,0.98
32.37,123.61,-12.78,0.98
32.47,121.47,-12.79,2.45
32.57,119.76,-12.79,1.47
32.66,119.76,-12.79,1.47
32.67,118.48,-12.76,-0.49
32.77,116.95,-12.7,-0.98
32.87,116.26,-12.63,-0.49
32.97,114.81,-12.56,0
32.98,114.81,-12.56,0
33.07,114.38,-12.47,-0.49
33.17,112.42,-12.4,1.47
33.27,111.74,-12.31,0.49
33.3,111.74,-12.31,0.49
33.37,109.86,-12.25,0.98
33.47,109.77,-12.18,0.49
33.57,108.15,-12.13,1.96
33.62,108.15,-12.13,1.96
33.67,107.21,-12.11,1.96
33.77,106.1,-12.09,1.47
33.87,105.51,-12.09,0.98
33.94,105.51,-12.09,0.98
33.97,104.65,-12.09,0.49
34.07,102.95,-12.1,0.98
34.17,100.99,-12.12,3.43
34.26,100.99,-12.12,3.43
34.27,99.45,-12.15,1.47
34.37,98.26,-12.18,2.45
34.47,97.41,-12.2,2.45
34.57,95.45,-12.22,0.49
34.58,95.45,-12.22,0.49
34.67,94.42,-12.24,0
34.77,92.97,-12.25,2.45
34.87,93.06,-12.26,0.98
34.9,93.06,-12.26,0.98
34.97,91.18,-12.26,-1.47
35.07,90.93,-12.25,-1.96
35.17,88.54,-12.25,-2.45
35.22,88.54,-12.25,-2.45
35.27,87.69,-12.23,-1.96
35.37,86.41,-12.22,-0.98
35.47,85.14,-12.2,0.49
35.54,85.14,-12.2,0.49
35.57,83.77,-12.18,2.45
35.67,81.99,-12.16,1.47
35.77,81.22,-12.14,1.96
35.86,81.22,-12.14,1.96
35.87,79.86,-12.12,1.96
35.97,79.01,-12.1,0
36.07,78.07,-12.09,-1.47
36.17,76.88,-12.08,-1.47
36.18,76.88,-12.08,-1.47
36.27,74.84,-12.08,-0.49
36.37,74.41,-12.08,-0.98
36.47,73.39,-12.08,0.49
36.5,73.39,-12.08,0.49
36.57,72.12,-12.07,1.47
36.67,70.59,-12.07,-0.49
36.77,69.31,-12.07,0.98
36.82,69.31,-12.07,0.98
36.87,67.95,-12.07,-0.49
36.97,66.25,-12.08,0.49
37.07,65.66,-12.09,1.47
37.14,65.66,-12.09,1.47
37.17,64.38,-12.12,0
37.27,63.19,-12.14,0.98
37.37,62.94,-12.18,0.98
37.46,62.94,-12.18,0.98
37.47,61.24,-12.22,0.98
37.57,59.37,-12.26,0.98
37.67,58.86,-12.3,0.49
37.77,57.16,-12.31,0
37.78,57.16,-12.31,0
37.87,56.14,-12.31,0.49
37.97,55.21,-12.27,1.47
38.07,53.26,-12.21,0
38.1,53.26,-12.21,0
38.17,52.15,-12.14,0.49
38.27,50.96,-12.06,0.98
38.37,49.78,-11.97,0
38.42,49.78,-11.97,0
38.47,49.1,-11.85,0.98
38.57,48.08,-11.72,0.49
38.67,46.13,-11.58,1.47
38.74,46.13,-11.58,1.47
38.77,45.28,-11.43,1.96
38.87,43.33,-11.26,1.47
38.97,41.72,-11.08,1.96
39.06,41.72,-11.08,1.96
39.07,40.36,-10.88,0.49
39.17,39.09,-10.68,1.47
39.27,37.82,-10.47,0.98
39.37,35.95,-10.28,0.49
39.38,35.95,-10.28,0.49
39.47,35.87,-10.1,0.49
39.57,35.19,-9.94,-0.49
39.67,34.85,-9.8,-0.49
39.7,34.85,-9.8,-0.49
39.77,35.28,-9.68,0.49
39.87,36.04,-9.56,0
39.97,36.04,-9.45,-0.98
40.02,36.04,-9.45,-0.98
40.07,33.92,-9.35,-1.96
40.17,31.55,-9.27,-0.98
40.27,28.16,-9.23,-2.45
40.34,28.16,-9.23,-2.45
40.37,27.14,-9.22,-3.43
40.47,26.64,-9.22,-3.92
40.57,25.54,-9.25,-3.43
40.66,25.54,-9.25,-3.43
40.67,24.44,-9.31,-3.92
40.77,23.84,-9.39,-2.94
40.87,24.69,-9.49,-2.94
40.97,24.44,-9.62,-1.96
40.98,24.44,-9.62,-1.96
41.07,24.44,-9.76,-1.96
41.17,23.42,-9.91,-1.47
41.27,22.15,-10.06,-1.96
41.3,22.15,-10.06,-1.96
41.37,19.86,-10.21,-1.96
41.47,18.26,-10.34,-2.45
41.57,16.4,-10.45,-1.47
41.62,16.4,-10.45,-1.47
41.67,15.13,-10.52,-1.96
41.77,15.04,-10.55,-1.47
41.87,16.06,-10.53,-1.96
41.94,16.06,-10.53,-1.96
41.97,16.4,-10.46,-1.96
42.07,15.13,-10.34,0
42.17,13.1,-10.16,-3.43
42.26,13.1,-10.16,-3.43
42.27,8.45,-9.93,-1.96
42.37,6.93,-9.62,-2.45
42.47,5.74,-9.23,-1.96
42.57,5.41,-8.78,-1.96
42.58,5.41,-8.78,-1.96
42.67,3.89,-8.26,-2.94
42.77,2.96,-7.69,-2.94
42.87,1.94,-7.08,-3.92
42.9,1.94,-7.08,-3.92
42.97,0.84,-6.44,-7.85
43.07,-0.17,-5.78,-4.41
