# Time (s),Altitude (ft),Vertical velocity (ft/s),Vertical acceleration (ft/s²)
0.01,0.006,1.13,113.001
0.02,0.027,3.146,201.7
0.03,0.068,5.117,197.08
0.04,0.129,7.041,192.457
0.05,0.209,8.923,188.178
0.06,0.308,10.804,188.202
0.07,0.425,12.699,189.512
0.08,0.562,14.607,190.822
0.09,0.717,16.528,192.132
0.1,0.892,18.462,193.442
0.11,1.087,20.409,194.753
0.12,1.3,22.369,196.064
0.13,1.534,24.343,197.376
0.14,1.787,26.329,198.688
0.15,2.061,28.329,200
0.16,2.354,30.342,201.313
0.17,2.668,32.367,202.627
0.18,3.001,34.407,203.941
0.19,3.356,36.459,205.255
0.2,3.731,38.524,206.569
0.21,4.126,40.603,207.883
0.22,4.543,42.694,209.198
0.23,4.98,44.799,210.514
0.24,5.439,46.917,211.83
0.25,5.919,49.048,213.146
0.26,6.42,51.192,214.463
0.27,6.943,53.35,215.78
0.28,7.487,55.52,217.098
0.29,8.053,57.704,218.416
0.3,8.641,59.901,219.735
0.31,9.251,62.111,221.054
0.32,9.883,64.335,222.373
0.33,10.538,66.571,223.692
0.34,11.215,68.821,225.012
0.35,11.914,71.084,226.332
0.36,12.637,73.36,227.652
0.375,13.763,76.795,229.108
0.398,15.549,82.003,231.615
0.431,18.451,89.939,235.365
0.481,23.248,101.969,240.92
0.531,28.653,114.23,245.382
0.581,34.672,126.524,246.009
0.631,41.306,138.845,246.491
0.681,48.557,151.187,246.892
0.731,56.425,163.547,247.199
0.781,64.912,175.92,247.397
0.831,74.017,188.299,247.477
0.881,83.742,200.68,247.428
0.931,94.085,213.055,247.252
0.981,105.047,225.418,246.959
1.031,116.627,237.763,246.568
1.081,128.823,250.089,246.138
1.131,141.635,262.393,245.722
1.181,155.062,274.678,245.399
1.231,169.103,286.951,245.262
1.281,183.758,299.224,245.395
1.331,199.026,311.511,245.85
1.381,214.909,323.83,246.627
1.431,231.41,336.195,247.664
1.481,248.53,348.615,248.847
1.531,266.273,361.096,250.038
1.581,284.641,373.635,251.129
1.631,303.637,386.223,252.001
1.681,323.264,398.847,252.555
1.728,342.186,410.667,252.739
1.773,360.83,421.989,252.565
1.823,382.245,434.611,251.952
1.873,404.29,447.194,251.005
1.923,426.963,459.724,249.865
1.973,450.262,472.196,248.768
2.023,474.182,484.615,247.939
2.063,493.985,494.621,247.238
2.104,514.131,504.577,246.947
2.153,539.447,516.811,247.051
2.203,565.596,529.16,247.244
2.253,592.363,541.514,247.213
2.303,619.747,553.855,246.642
2.341,640.876,563.162,245.71
2.38,663.14,572.763,244.342
2.43,692.088,585.174,247.578
2.48,721.677,598.356,262.616
2.53,751.666,601.182,56.14
2.569,775.043,599.145,-52.144
2.6,793.526,597.31,-59.151
2.646,821.141,594.437,-61.503
2.696,850.787,591.389,-60.456
2.746,880.281,588.39,-59.62
2.795,908.915,585.495,-59.151
2.838,934.146,582.945,-59.036
2.888,963.219,579.99,-59.17
2.938,992.144,577.025,-59.396
2.988,1020.921,574.05,-59.496
3.038,1049.55,571.079,-59.26
3.088,1078.03,568.129,-58.651
3.138,1106.363,565.217,-57.834
3.188,1134.552,562.347,-57.029
3.238,1162.598,559.513,-56.397
3.288,1190.504,556.704,-56.031
3.338,1218.269,553.906,-55.929
3.388,1245.894,551.108,-56.008
3.438,1273.38,548.304,-56.134
3.488,1300.725,545.495,-56.154
3.538,1327.929,542.691,-55.939
3.588,1354.994,539.905,-55.466
3.638,1381.92,537.147,-54.833
3.688,1408.709,534.422,-54.185
3.738,1435.363,531.728,-53.639
3.788,1461.882,529.056,-53.269
3.838,1488.269,526.398,-53.096
3.888,1514.522,523.744,-53.079
3.938,1540.643,521.089,-53.136
3.988,1566.631,518.43,-53.17
4.038,1592.486,515.773,-53.083
4.088,1618.209,513.124,-52.817
4.138,1643.799,510.494,-52.387
4.188,1669.258,507.887,-51.874
4.238,1694.588,505.307,-51.368
4.288,1719.789,502.75,-50.944
4.338,1744.863,500.211,-50.649
4.388,1769.811,497.683,-50.491
4.438,1794.632,495.16,-50.445
4.488,1819.327,492.637,-50.455
4.538,1843.896,490.114,-50.457
4.588,1868.338,487.592,-50.387
4.638,1892.655,485.077,-50.198
4.688,1916.846,482.574,-49.889
4.738,1940.913,480.089,-49.498
4.788,1964.855,477.625,-49.086
4.838,1988.675,475.181,-48.706
4.888,2012.374,472.754,-48.4
4.938,2035.951,470.339,-48.19
4.988,2059.408,467.933,-48.073
5.038,2082.744,465.531,-48.026
5.088,2105.961,463.13,-48.01
5.138,2129.057,460.73,-47.982
5.188,2152.034,458.332,-47.901
5.238,2174.891,455.941,-47.739
5.288,2197.628,453.559,-47.494
5.338,2220.247,451.192,-47.189
5.388,2242.748,448.841,-46.859
5.438,2265.131,446.506,-46.543
5.488,2287.398,444.186,-46.27
5.538,2309.55,441.879,-46.059
5.588,2331.586,439.579,-45.917
5.638,2353.508,437.286,-45.833
5.688,2375.315,434.995,-45.788
5.738,2397.008,432.707,-45.753
5.788,2418.586,430.42,-45.701
5.838,2440.05,428.137,-45.608
5.888,2461.4,425.86,-45.46
5.938,2482.636,423.592,-45.257
5.988,2503.759,421.335,-45.012
6.038,2524.77,419.091,-44.75
6.088,2545.668,416.86,-44.494
6.138,2566.456,414.642,-44.263
6.188,2587.133,412.433,-44.073
6.238,2607.699,410.234,-43.929
6.288,2628.156,408.04,-43.829
6.338,2648.503,405.85,-43.764
6.388,2668.741,403.663,-43.716
6.438,2688.87,401.478,-43.668
6.488,2708.889,399.296,-43.605
6.538,2728.799,397.118,-43.511
6.588,2748.601,394.946,-43.379
6.638,2768.294,392.781,-43.21
6.688,2787.879,390.625,-43.015
6.738,2807.357,388.48,-42.806
6.788,2826.727,386.345,-42.599
6.838,2845.991,384.22,-42.406
6.888,2865.15,382.104,-42.237
6.938,2884.202,379.996,-42.1
6.988,2903.149,377.893,-41.994
7.038,2921.991,375.796,-41.915
7.088,2940.729,373.702,-41.855
7.138,2959.362,371.61,-41.804
7.188,2977.89,369.521,-41.751
7.238,2996.314,367.435,-41.685
7.288,3014.633,365.353,-41.6
7.338,3032.849,363.275,-41.49
7.388,3050.961,361.204,-41.356
7.438,3068.97,359.14,-41.203
7.488,3086.875,357.084,-41.038
7.538,3104.678,355.036,-40.872
7.588,3122.379,352.997,-40.711
7.638,3139.978,350.965,-40.564
7.688,3157.476,348.94,-40.435
7.738,3174.872,346.921,-40.327
7.788,3192.168,344.907,-40.24
7.838,3209.363,342.897,-40.17
7.888,3226.458,340.89,-40.112
7.938,3243.452,338.886,-40.061
7.988,3260.346,336.884,-40.008
8.038,3277.141,334.885,-39.949
8.088,3293.835,332.889,-39.879
8.138,3310.43,330.897,-39.794
8.188,3326.925,328.91,-39.693
8.238,3343.321,326.928,-39.578
8.288,3359.618,324.953,-39.452
8.338,3375.816,322.983,-39.321
8.388,3391.916,321.021,-39.189
8.438,3407.918,319.064,-39.062
8.488,3423.823,317.114,-38.943
8.538,3439.63,315.17,-38.836
8.588,3455.34,313.23,-38.743
8.638,3470.953,311.295,-38.663
8.688,3486.469,309.364,-38.595
8.738,3501.889,307.436,-38.537
8.788,3517.213,305.51,-38.486
8.838,3532.44,303.587,-38.437
8.888,3547.572,301.666,-38.387
8.938,3562.607,299.748,-38.333
8.988,3577.547,297.833,-38.272
9.038,3592.39,295.921,-38.202
9.088,3607.139,294.013,-38.122
9.138,3621.792,292.109,-38.033
9.188,3636.35,290.21,-37.937
9.238,3650.813,288.316,-37.836
9.288,3665.181,286.427,-37.733
9.338,3679.456,284.542,-37.63
9.388,3693.636,282.663,-37.531
9.438,3707.722,280.789,-37.438
9.488,3721.715,278.92,-37.351
9.538,3735.614,277.054,-37.273
9.588,3749.42,275.192,-37.204
9.638,3763.133,273.334,-37.143
9.688,3776.754,271.478,-37.088
9.738,3790.281,269.625,-37.039
9.788,3803.716,267.774,-36.993
9.838,3817.059,265.925,-36.949
9.888,3830.309,264.079,-36.904
9.938,3843.467,262.235,-36.856
9.988,3856.532,260.393,-36.805
10.038,3869.506,258.554,-36.749
10.088,3882.388,256.719,-36.687
10.138,3895.178,254.886,-36.62
10.188,3907.876,253.057,-36.548
10.238,3920.484,251.231,-36.473
10.288,3933,249.409,-36.395
10.338,3945.425,247.592,-36.316
10.388,3957.759,245.778,-36.237
10.438,3970.002,243.968,-36.16
10.488,3982.156,242.162,-36.086
10.538,3994.219,240.359,-36.016
10.588,4006.192,238.56,-35.95
10.638,4018.075,236.764,-35.89
10.688,4029.868,234.971,-35.834
10.738,4041.572,233.181,-35.783
10.788,4053.186,231.393,-35.737
10.838,4064.711,229.607,-35.694
10.888,4076.147,227.823,-35.654
10.938,4087.494,226.042,-35.615
10.988,4098.751,224.262,-35.576
11.038,4109.92,222.484,-35.538
11.088,4121,220.708,-35.498
11.138,4131.991,218.934,-35.456
11.188,4142.893,217.162,-35.412
11.238,4153.707,215.393,-35.365
11.288,4164.432,213.626,-35.315
11.338,4175.069,211.862,-35.262
11.388,4185.619,210.1,-35.208
11.438,4196.08,208.341,-35.151
11.488,4206.453,206.585,-35.093
11.538,4216.738,204.832,-35.034
11.588,4226.936,203.081,-34.976
11.638,4237.046,201.334,-34.918
11.688,4247.069,199.59,-34.861
11.738,4257.005,197.848,-34.806
11.788,4266.854,196.109,-34.753
11.838,4276.616,194.373,-34.703
11.888,4286.291,192.639,-34.655
11.938,4295.88,190.907,-34.611
11.988,4305.382,189.178,-34.569
12.038,4314.798,187.45,-34.53
12.088,4324.127,185.725,-34.493
12.138,4333.37,184.001,-34.458
12.188,4342.527,182.279,-34.425
12.238,4351.598,180.558,-34.393
12.288,4360.583,178.839,-34.361
12.338,4369.482,177.122,-34.33
12.388,4378.295,175.406,-34.299
12.438,4387.023,173.692,-34.268
12.488,4395.665,171.98,-34.235
12.538,4404.221,170.269,-34.202
12.588,4412.692,168.559,-34.168
12.638,4421.077,166.852,-34.133
12.688,4429.377,165.146,-34.096
12.738,4437.592,163.442,-34.059
12.788,4445.721,161.74,-34.02
12.838,4453.766,160.04,-33.981
12.888,4461.725,158.342,-33.941
12.938,4469.6,156.646,-33.9
12.988,4477.39,154.952,-33.859
13.038,4485.095,153.26,-33.818
13.088,4492.716,151.57,-33.778
13.138,4500.252,149.883,-33.737
13.188,4507.704,148.197,-33.698
13.238,4515.072,146.513,-33.659
13.288,4522.355,144.831,-33.621
13.338,4529.555,143.151,-33.585
13.388,4536.671,141.472,-33.55
13.438,4543.702,139.796,-33.516
13.488,4550.65,138.121,-33.484
13.538,4557.514,136.447,-33.452
13.588,4564.295,134.775,-33.423
13.638,4570.992,133.105,-33.394
13.688,4577.605,131.436,-33.367
13.738,4584.136,129.768,-33.341
13.788,4590.582,128.102,-33.315
13.838,4596.946,126.437,-33.291
13.888,4603.226,124.773,-33.267
13.938,4609.423,123.11,-33.244
13.988,4615.537,121.448,-33.221
14.038,4621.568,119.788,-33.198
14.088,4627.516,118.129,-33.175
14.138,4633.381,116.47,-33.152
14.188,4639.163,114.813,-33.129
14.238,4644.862,113.158,-33.106
14.288,4650.479,111.503,-33.083
14.338,4656.012,109.849,-33.059
14.388,4661.464,108.197,-33.035
14.438,4666.832,106.546,-33.011
14.488,4672.118,104.896,-32.986
14.538,4677.322,103.247,-32.961
14.588,4682.443,101.6,-32.936
14.638,4687.482,99.954,-32.91
14.688,4692.438,98.309,-32.884
14.738,4697.313,96.665,-32.859
14.788,4702.105,95.023,-32.833
14.838,4706.815,93.382,-32.806
14.888,4711.443,91.742,-32.78
14.938,4715.989,90.104,-32.755
14.988,4720.453,88.467,-32.729
15.038,4724.836,86.831,-32.703
15.088,4729.137,85.196,-32.678
15.138,4733.355,83.563,-32.654
15.188,4737.493,81.931,-32.629
15.238,4741.549,80.3,-32.605
15.288,4745.523,78.67,-32.582
15.338,4749.416,77.042,-32.559
15.388,4753.227,75.415,-32.537
15.438,4756.957,73.788,-32.515
15.488,4760.606,72.163,-32.494
15.538,4764.173,70.539,-32.473
15.588,4767.66,68.916,-32.453
15.638,4771.065,67.294,-32.434
15.688,4774.389,65.672,-32.415
15.738,4777.632,64.052,-32.397
15.788,4780.794,62.433,-32.38
15.838,4783.876,60.814,-32.362
15.888,4786.876,59.196,-32.346
15.938,4789.795,57.579,-32.33
15.988,4792.634,55.963,-32.314
16.038,4795.392,54.348,-32.299
16.088,4798.069,52.733,-32.284
16.138,4800.665,51.12,-32.27
16.188,4803.181,49.506,-32.256
16.238,4805.616,47.894,-32.242
16.288,4807.97,46.282,-32.229
16.338,4810.244,44.671,-32.216
16.388,4812.437,43.061,-32.203
16.438,4814.55,41.451,-32.191
16.488,4816.582,39.841,-32.179
16.538,4818.534,38.233,-32.167
16.588,4820.405,36.625,-32.155
16.638,4822.196,35.017,-32.143
16.688,4823.907,33.41,-32.132
16.738,4825.538,31.804,-32.121
16.788,4827.088,30.198,-32.11
16.838,4828.557,28.593,-32.1
16.888,4829.947,26.988,-32.09
16.938,4831.256,25.384,-32.08
16.988,4832.485,23.78,-32.07
17.038,4833.634,22.177,-32.061
17.088,4834.703,20.574,-32.052
17.138,4835.692,18.972,-32.043
17.188,4836.6,17.37,-32.035
17.238,4837.429,15.768,-32.027
17.288,4838.177,14.167,-32.019
17.338,4838.845,12.567,-32.012
17.388,4839.434,10.966,-32.006
17.438,4839.942,9.366,-31.999
17.488,4840.37,7.766,-31.994
17.538,4840.719,6.167,-31.989
17.588,4840.987,4.567,-31.984
17.638,4841.175,2.968,-31.98
17.688,4841.284,1.369,-31.976
17.738,4841.312,-0.229,-31.973
17.788,4841.261,-1.828,-31.971
17.793,4841.252,-1.973,-31.824
18.227,4837.397,-15.782,-31.8
18.7,4826.619,-29.818,-29.691
19.2,4808.249,-43.663,-27.69
19.7,4783.208,-56.502,-25.678
20.2,4752.002,-68.319,-23.635
20.7,4715.154,-79.073,-21.508
21.2,4673.204,-88.729,-19.312
21.7,4626.702,-97.278,-17.097
22.2,4576.198,-104.74,-14.926
22.7,4522.22,-111.169,-12.858
23.2,4465.268,-116.639,-10.939
23.7,4405.799,-121.24,-9.201
24.2,4344.221,-125.069,-7.659
24.7,4280.898,-128.226,-6.313
25.2,4216.14,-130.804,-5.157
25.7,4150.216,-132.893,-4.177
26.2,4083.35,-134.57,-3.354
26.7,4015.732,-135.904,-2.67
27.2,3947.516,-136.957,-2.105
27.7,3878.833,-137.778,-1.641
28.2,3809.786,-138.409,-1.263
28.7,3740.462,-138.888,-0.957
29.2,3670.93,-139.242,-0.708
29.7,3601.245,-139.496,-0.508
30.2,3531.454,-139.67,-0.347
30.7,3461.592,-139.779,-0.219
31.2,3391.688,-139.837,-0.116
31.7,3321.765,-139.853,-0.033
32.2,3251.843,-139.837,0.032
32.7,3181.935,-139.795,0.086
33.2,3112.054,-139.729,0.13
33.7,3042.21,-139.647,0.166
34.2,2972.411,-139.55,0.193
34.7,2902.662,-139.443,0.215
35.2,2832.97,-139.327,0.232
35.7,2763.337,-139.205,0.245
36.2,2693.767,-139.077,0.254
36.7,2624.261,-138.946,0.262
37.2,2554.821,-138.813,0.268
37.7,2485.449,-138.677,0.272
38.2,2416.145,-138.539,0.275
38.7,2346.91,-138.401,0.277
39.2,2277.744,-138.262,0.278
39.7,2208.648,-138.122,0.279
40.2,2139.622,-137.983,0.279
40.7,2070.665,-137.843,0.279
41.2,2001.778,-137.704,0.279
41.7,1932.961,-137.565,0.278
42.2,1864.213,-137.427,0.277
42.7,1795.534,-137.288,0.276
43.2,1726.924,-137.151,0.275
43.7,1658.383,-137.014,0.274
44.2,1589.911,-136.877,0.273
44.7,1521.506,-136.74,0.275
45.2,1453.171,-136.601,0.277
45.7,1384.905,-136.462,0.278
46.2,1316.709,-136.323,0.279
46.7,1248.582,-136.184,0.279
47.2,1180.525,-136.044,0.279
47.7,1112.538,-135.905,0.278
48.2,1044.62,-135.767,0.277
48.7,976.771,-135.628,0.276
49.2,908.991,-135.491,0.275
49.7,841.28,-135.354,0.274
50.2,773.638,-135.217,0.273
50.7,706.063,-135.081,0.272
51.2,638.556,-134.946,0.271
51.7,571.117,-134.811,0.269
52.2,503.745,-134.677,0.268
52.201,503.612,-132.344,2332.373
52.202,503.481,-130.093,2251.193
52.203,503.352,-127.919,2174.183
52.204,503.225,-125.818,2101.062
52.205,503.1,-123.786,2031.57
52.206,502.977,-121.821,1965.471
52.207,502.856,-119.918,1902.546
52.208,502.737,-118.076,1842.595
52.209,502.62,-116.29,1785.432
52.21,502.505,-114.559,1730.887
52.211,502.391,-112.881,1678.801
52.212,502.279,-111.252,1629.029
52.213,502.168,-109.67,1581.435
52.214,502.06,-108.134,1535.892
52.215,501.952,-106.642,1492.286
52.216,501.846,-105.192,1450.506
52.217,501.742,-103.781,1410.452
52.218,501.639,-102.409,1372.031
52.219,501.537,-101.074,1335.153
52.22,501.437,-99.774,1299.738
52.221,501.337,-98.508,1265.708
52.222,501.239,-97.275,1232.993
52.223,501.143,-96.074,1201.525
52.224,501.047,-94.903,1171.241
52.225,500.953,-93.761,1142.082
52.226,500.86,-92.647,1113.994
52.227,500.768,-91.56,1086.924
52.228,500.677,-90.499,1060.824
52.229,500.587,-89.463,1035.648
52.23,500.498,-88.452,1011.352
52.231,500.41,-87.464,987.895
52.232,500.323,-86.499,965.24
52.233,500.237,-85.555,943.351
52.234,500.152,-84.633,922.192
52.235,500.067,-83.731,901.733
52.236,499.984,-82.85,881.941
52.237,499.902,-81.987,862.789
52.238,499.82,-81.142,844.249
52.239,499.739,-80.316,826.295
52.24,499.66,-79.507,808.903
52.241,499.58,-78.715,792.05
52.242,499.502,-77.94,775.713
52.243,499.425,-77.18,759.871
52.244,499.348,-76.435,744.505
52.245,499.272,-75.706,729.596
52.246,499.196,-74.99,715.125
52.247,499.122,-74.289,701.076
52.248,499.048,-73.602,687.432
52.249,498.974,-72.928,674.179
52.25,498.902,-72.266,661.3
52.251,498.83,-71.618,648.783
52.252,498.759,-70.981,636.613
52.253,498.688,-70.356,624.779
52.254,498.618,-69.743,613.267
52.255,498.548,-69.141,602.066
52.256,498.48,-68.55,591.165
52.257,498.411,-67.969,580.553
52.258,498.344,-67.399,570.221
52.259,498.277,-66.839,560.158
52.26,498.21,-66.288,550.355
52.261,498.144,-65.748,540.803
52.262,498.079,-65.216,531.494
52.263,498.014,-64.694,522.42
52.264,497.949,-64.18,513.572
52.265,497.885,-63.675,504.943
52.266,497.822,-63.179,496.527
52.267,497.759,-62.69,488.315
52.268,497.696,-62.21,480.302
52.269,497.634,-61.738,472.481
52.27,497.573,-61.273,464.846
52.271,497.512,-60.815,457.392
52.272,497.451,-60.365,450.111
52.273,497.391,-59.922,443
52.274,497.331,-59.486,436.053
52.275,497.272,-59.057,429.265
52.276,497.213,-58.634,422.631
52.277,497.155,-58.218,416.146
52.278,497.097,-57.808,409.807
52.279,497.039,-57.405,403.608
52.28,496.982,-57.007,397.545
52.281,496.925,-56.616,391.615
52.282,496.869,-56.23,385.814
52.283,496.813,-55.85,380.138
52.284,496.757,-55.475,374.583
52.285,496.702,-55.106,369.147
52.286,496.647,-54.742,363.825
52.287,496.592,-54.383,358.614
52.288,496.538,-54.03,353.512
52.289,496.484,-53.681,348.516
52.29,496.431,-53.338,343.622
52.291,496.378,-52.999,338.827
52.292,496.325,-52.665,334.13
52.293,496.272,-52.335,329.527
52.294,496.22,-52.01,325.016
52.295,496.168,-51.69,320.594
52.296,496.117,-51.373,316.26
52.297,496.066,-51.061,312.01
52.298,496.015,-50.754,307.843
52.299,495.964,-50.45,303.757
52.3,495.914,-50.15,299.749
52.301,495.864,-49.854,295.818
52.302,495.814,-49.562,291.961
52.303,495.765,-49.274,288.176
52.304,495.715,-48.99,284.463
52.305,495.667,-48.709,280.819
52.306,495.618,-48.432,277.242
52.307,495.57,-48.158,273.73
52.308,495.522,-47.888,270.283
52.309,495.474,-47.621,266.899
52.31,495.426,-47.357,263.575
52.311,495.379,-47.095,260.311
52.312,495.331,-46.832,257.089
52.313,495.282,-46.568,253.867
52.314,495.233,-46.302,250.645
52.315,495.183,-46.034,247.425
52.316,495.133,-45.765,244.205
52.317,495.081,-45.495,240.985
52.318,495.029,-45.223,237.767
52.32,494.977,-44.949,234.549
52.321,494.923,-44.674,231.332
52.322,494.869,-44.397,228.116
52.323,494.815,-44.119,224.9
52.324,494.759,-43.838,221.686
52.326,494.703,-43.556,218.472
52.327,494.645,-43.273,215.26
52.328,494.587,-42.987,212.048
52.33,494.528,-42.7,208.837
52.331,494.469,-42.411,205.628
52.333,494.408,-42.12,202.419
52.334,494.346,-41.827,199.211
52.336,494.283,-41.532,196.005
52.337,494.22,-41.235,192.799
52.339,494.155,-40.936,189.595
52.34,494.089,-40.635,186.392
52.342,494.022,-40.332,183.19
52.344,493.954,-40.026,179.99
52.345,493.884,-39.719,176.79
52.347,493.814,-39.409,173.592
52.349,493.742,-39.097,170.396
52.351,493.669,-38.782,167.201
52.353,493.594,-38.465,164.007
52.355,493.518,-38.146,160.815
52.357,493.44,-37.824,157.624
52.359,493.361,-37.499,154.436
52.361,493.28,-37.172,151.249
52.363,493.198,-36.842,148.063
52.366,493.114,-36.51,144.88
52.368,493.028,-36.174,141.698
52.371,492.94,-35.836,138.519
52.373,492.85,-35.494,135.341
52.376,492.758,-35.15,132.166
52.378,492.663,-34.802,128.993
52.381,492.567,-34.451,125.822
52.384,492.468,-34.097,122.654
52.387,492.366,-33.74,119.488
52.39,492.262,-33.378,116.325
52.393,492.155,-33.014,113.165
52.397,492.045,-32.645,110.008
52.4,491.932,-32.273,106.854
52.404,491.816,-31.897,103.703
52.408,491.696,-31.517,100.555
52.412,491.572,-31.132,97.412
52.416,491.445,-30.744,94.272
52.42,491.313,-30.351,91.136
52.424,491.177,-29.953,88.004
52.429,491.036,-29.55,84.877
52.434,490.89,-29.143,81.755
52.439,490.738,-28.731,78.638
52.445,490.58,-28.313,75.526
52.451,490.416,-27.89,72.42
52.457,490.245,-27.462,69.321
52.464,490.066,-27.027,66.228
52.471,489.879,-26.587,63.142
52.478,489.683,-26.141,60.064
52.486,489.477,-25.688,56.995
52.494,489.261,-25.229,53.935
52.504,489.032,-24.762,50.885
52.513,488.789,-24.289,47.846
52.524,488.531,-23.809,44.819
52.536,488.256,-23.321,41.805
52.549,487.962,-22.825,38.807
52.563,487.644,-22.322,35.825
52.578,487.301,-21.811,32.862
52.596,486.927,-21.291,29.92
52.615,486.517,-20.765,27.002
52.637,486.063,-20.23,24.113
52.663,485.555,-19.689,21.257
52.692,484.979,-19.143,18.441
52.728,484.316,-18.592,15.672
52.77,483.537,-18.04,12.963
52.823,482.595,-17.493,10.329
52.892,481.414,-16.959,7.793
52.985,479.849,-16.453,5.393
53.125,477.582,-16.008,3.192
53.368,473.73,-15.69,1.306
53.868,465.884,-15.692,-0.003
54.368,458.04,-15.686,0.01
54.868,450.196,-15.688,-0.004
55.368,442.353,-15.683,0.011
55.868,434.511,-15.685,-0.004
56.368,426.671,-15.679,0.012
56.868,418.83,-15.682,-0.005
57.368,410.991,-15.675,0.013
57.868,403.153,-15.678,-0.006
58.368,395.316,-15.671,0.014
58.868,387.479,-15.675,-0.007
59.368,379.643,-15.668,0.015
59.868,371.809,-15.672,-0.008
60.368,363.975,-15.664,0.016
60.868,356.142,-15.668,-0.009
61.368,348.31,-15.66,0.017
61.868,340.478,-15.665,-0.011
62.368,332.648,-15.656,0.018
62.868,324.818,-15.662,-0.012
63.368,316.99,-15.652,0.02
63.868,309.162,-15.659,-0.014
64.368,301.335,-15.648,0.022
64.868,293.509,-15.656,-0.016
65.368,285.684,-15.644,0.024
65.868,277.86,-15.653,-0.018
66.368,270.037,-15.64,0.026
66.868,262.214,-15.65,-0.02
67.368,254.393,-15.636,0.028
67.868,246.572,-15.647,-0.023
68.368,238.752,-15.632,0.031
68.868,230.933,-15.645,-0.026
69.368,223.115,-15.627,0.034
69.868,215.298,-15.642,-0.029
70.368,207.482,-15.623,0.038
70.868,199.666,-15.639,-0.033
71.368,191.852,-15.619,0.042
71.868,184.038,-15.637,-0.037
72.368,176.225,-15.614,0.046
72.868,168.413,-15.635,-0.041
73.368,160.602,-15.609,0.051
73.868,152.792,-15.632,-0.047
74.368,144.982,-15.604,0.056
74.868,137.174,-15.63,-0.052
75.368,129.366,-15.599,0.063
75.868,121.559,-15.629,-0.059
76.368,113.754,-15.594,0.07
76.868,105.948,-15.627,-0.067
77.368,98.145,-15.588,0.078
77.868,90.341,-15.626,-0.075
78.368,82.539,-15.583,0.086
78.868,74.737,-15.625,-0.084
79.368,66.937,-15.577,0.096
79.868,59.136,-15.624,-0.095
80.368,51.338,-15.57,0.108
80.868,43.539,-15.624,-0.107
81.368,35.743,-15.563,0.121
81.868,27.946,-15.624,-0.121
82.368,20.151,-15.556,0.135
82.868,12.356,-15.624,-0.136
83.368,4.562,-15.548,0.152
83.661,0,-15.594,-0.154
