# Time (s),Altitude (m),Vertical velocity (m/s),Vertical acceleration (m/s²)
0.01,0.002,0.34,34.026
0.02,0.008,0.948,60.83
0.03,0.021,1.543,59.434
0.04,0.039,2.123,58.036
0.05,0.063,2.69,56.743
0.06,0.093,3.258,56.75
0.07,0.128,3.829,57.146
0.08,0.169,4.404,57.541
0.09,0.216,4.984,57.937
0.1,0.269,5.567,58.333
0.11,0.328,6.154,58.729
0.12,0.392,6.745,59.126
0.13,0.463,7.34,59.522
0.14,0.539,7.939,59.919
0.15,0.621,8.542,60.316
0.16,0.71,9.149,60.713
0.17,0.804,9.76,61.11
0.18,0.905,10.375,61.508
0.19,1.012,10.994,61.905
0.2,1.125,11.617,62.303
0.21,1.244,12.244,62.701
0.22,1.37,12.875,63.099
0.23,1.502,13.51,63.496
0.24,1.64,14.149,63.894
0.25,1.785,14.791,64.292
0.26,1.936,15.438,64.691
0.27,2.094,16.089,65.089
0.28,2.258,16.744,65.487
0.29,2.428,17.402,65.886
0.3,2.606,18.065,66.284
0.31,2.79,18.732,66.683
0.32,2.98,19.403,67.082
0.33,3.178,20.077,67.48
0.34,3.382,20.756,67.879
0.35,3.593,21.439,68.278
0.36,3.811,22.125,68.677
0.375,4.15,23.162,69.131
0.398,4.689,24.733,69.887
0.431,5.564,27.128,71.021
0.481,7.011,30.758,72.705
0.531,8.642,34.459,74.065
0.581,10.458,38.17,74.274
0.631,12.459,41.89,74.448
0.681,14.647,45.619,74.61
0.731,17.021,49.356,74.757
0.781,19.582,53.099,74.889
0.831,22.331,56.849,75.003
0.881,25.267,60.603,75.098
0.931,28.392,64.363,75.175
0.981,31.704,68.125,75.233
1.031,35.204,71.89,75.275
1.081,38.893,75.657,75.31
1.131,42.77,79.426,75.339
1.181,46.836,83.196,75.368
1.231,51.09,86.968,75.408
1.281,55.532,90.742,75.467
1.331,60.164,94.52,75.556
1.381,64.984,98.303,75.678
1.431,69.994,102.093,75.831
1.481,75.194,105.891,76.009
1.531,80.584,109.699,76.198
1.581,86.164,113.516,76.382
1.631,91.935,117.342,76.548
1.681,97.898,121.175,76.679
1.731,104.053,125.014,76.766
1.781,110.4,128.856,76.799
1.831,116.939,132.698,76.775
1.881,123.67,136.537,76.693
1.931,130.592,140.371,76.564
1.981,137.707,144.198,76.409
2.031,145.012,148.014,76.202
2.081,152.508,151.813,75.879
2.131,160.193,155.597,75.614
2.181,168.067,159.369,75.416
2.231,176.13,163.133,75.255
2.281,184.38,166.889,75.086
2.331,192.818,170.635,74.866
2.381,201.444,174.368,74.563
2.431,210.257,178.171,75.92
2.481,219.267,182.222,80.814
2.531,228.398,183.001,15.486
2.581,237.528,182.201,-15.984
2.6,240.941,181.859,-18.208
2.628,246.048,181.33,-18.762
2.67,253.681,180.541,-18.637
2.72,262.685,179.614,-18.452
2.77,271.643,178.696,-18.259
2.82,280.555,177.788,-18.088
2.87,289.422,176.887,-17.955
2.92,298.244,175.992,-17.867
2.97,307.021,175.1,-17.813
3.02,315.754,174.21,-17.778
3.07,324.442,173.322,-17.737
3.12,333.086,172.437,-17.668
3.17,341.686,171.556,-17.559
3.22,350.242,170.681,-17.417
3.27,358.754,169.814,-17.262
3.32,367.223,168.955,-17.115
3.37,375.65,168.103,-16.992
3.42,384.034,167.255,-16.898
3.47,392.375,166.412,-16.834
3.52,400.675,165.572,-16.79
3.57,408.932,164.733,-16.752
3.62,417.148,163.897,-16.705
3.67,425.322,163.063,-16.636
3.72,433.454,162.233,-16.541
3.77,441.546,161.409,-16.424
3.82,449.595,160.591,-16.3
3.87,457.605,159.779,-16.181
3.92,465.573,158.973,-16.078
3.97,473.502,158.171,-15.995
4.02,481.391,157.373,-15.933
4.07,489.239,156.577,-15.887
4.12,497.048,155.784,-15.848
4.17,504.818,154.993,-15.807
4.22,512.548,154.203,-15.754
4.27,520.238,153.417,-15.684
4.32,527.89,152.635,-15.597
4.37,535.502,151.858,-15.499
4.42,543.075,151.086,-15.399
4.47,550.61,150.318,-15.304
4.52,558.107,149.555,-15.222
4.57,565.566,148.796,-15.154
4.62,572.987,148.039,-15.1
4.67,580.37,147.285,-15.057
4.72,587.715,146.534,-15.019
4.77,595.023,145.784,-14.981
4.82,602.294,145.036,-14.936
4.87,609.527,144.29,-14.879
4.92,616.723,143.548,-14.812
4.97,623.882,142.809,-14.735
5.02,631.004,142.074,-14.654
5.07,638.089,141.344,-14.574
5.12,645.138,140.617,-14.499
5.17,652.151,139.894,-14.434
5.22,659.128,139.173,-14.379
5.27,666.068,138.456,-14.333
5.32,672.973,137.74,-14.294
5.37,679.843,137.026,-14.258
5.42,686.676,136.314,-14.222
5.47,693.474,135.604,-14.182
5.52,700.236,134.896,-14.135
5.57,706.964,134.191,-14.08
5.62,713.656,133.488,-14.019
5.67,720.312,132.789,-13.954
5.72,726.934,132.093,-13.888
5.77,733.522,131.4,-13.825
5.82,740.075,130.71,-13.766
5.87,746.593,130.023,-13.714
5.92,753.077,129.339,-13.669
5.97,759.527,128.656,-13.629
6.02,765.943,127.976,-13.595
6.07,772.324,127.297,-13.562
6.12,778.672,126.619,-13.529
6.17,784.986,125.944,-13.494
6.22,791.267,125.27,-13.455
6.27,797.513,124.598,-13.411
6.32,803.727,123.929,-13.362
6.37,809.906,123.262,-13.31
6.42,816.053,122.598,-13.256
6.47,822.166,121.937,-13.203
6.52,828.247,121.278,-13.152
6.57,834.294,120.621,-13.105
6.62,840.309,119.967,-13.062
6.67,846.291,119.315,-13.024
6.72,852.24,118.665,-12.99
6.77,858.157,118.016,-12.958
6.82,864.042,117.369,-12.929
6.87,869.894,116.723,-12.9
6.92,875.714,116.079,-12.869
6.97,881.502,115.436,-12.837
7.02,887.258,114.795,-12.802
7.07,892.982,114.156,-12.763
7.12,898.674,113.519,-12.722
7.17,904.334,112.884,-12.68
7.22,909.962,112.251,-12.636
7.27,915.559,111.62,-12.593
7.32,921.124,110.992,-12.552
7.37,926.658,110.365,-12.513
7.42,932.161,109.74,-12.476
7.47,937.632,109.117,-12.443
7.52,943.072,108.496,-12.413
7.57,948.482,107.876,-12.384
7.62,953.86,107.258,-12.358
7.67,959.207,106.64,-12.332
7.72,964.524,106.024,-12.307
7.77,969.81,105.41,-12.28
7.82,975.065,104.796,-12.252
7.87,980.29,104.184,-12.223
7.92,985.484,103.574,-12.191
7.97,990.647,102.965,-12.158
8.02,995.78,102.358,-12.124
8.07,1000.883,101.753,-12.089
8.12,1005.955,101.149,-12.055
8.17,1010.998,100.547,-12.021
8.22,1016.01,99.947,-11.988
8.27,1020.993,99.349,-11.956
8.32,1025.945,98.752,-11.926
8.37,1030.868,98.156,-11.899
8.42,1035.761,97.562,-11.873
8.47,1040.624,96.969,-11.849
8.52,1045.458,96.377,-11.826
8.57,1050.262,95.786,-11.803
8.62,1055.036,95.197,-11.781
8.67,1059.781,94.608,-11.759
8.72,1064.497,94.021,-11.737
8.77,1069.183,93.434,-11.713
8.82,1073.841,92.849,-11.689
8.87,1078.468,92.265,-11.664
8.92,1083.067,91.683,-11.637
8.97,1087.637,91.102,-11.61
9.02,1092.177,90.522,-11.583
9.07,1096.689,89.943,-11.555
9.12,1101.172,89.366,-11.528
9.17,1105.626,88.791,-11.501
9.22,1110.051,88.216,-11.475
9.27,1114.447,87.643,-11.45
9.32,1118.815,87.071,-11.426
9.37,1123.154,86.501,-11.403
9.42,1127.465,85.931,-11.381
9.47,1131.747,85.362,-11.36
9.52,1136.001,84.795,-11.341
9.57,1140.227,84.228,-11.322
9.62,1144.424,83.663,-11.303
9.67,1148.593,83.098,-11.285
9.72,1152.734,82.534,-11.266
9.77,1156.847,81.971,-11.248
9.82,1160.931,81.41,-11.229
9.87,1164.988,80.849,-11.209
9.92,1169.016,80.289,-11.189
9.97,1173.017,79.73,-11.169
10.02,1176.989,79.172,-11.148
10.07,1180.934,78.615,-11.127
10.12,1184.851,78.059,-11.106
10.17,1188.74,77.504,-11.085
10.22,1192.601,76.951,-11.063
10.27,1196.435,76.398,-11.042
10.32,1200.241,75.846,-11.022
10.37,1204.019,75.296,-11.001
10.42,1207.77,74.746,-10.982
10.47,1211.494,74.198,-10.963
10.52,1215.19,73.65,-10.945
10.57,1218.859,73.103,-10.927
10.62,1222.5,72.557,-10.91
10.67,1226.115,72.012,-10.894
10.72,1229.702,71.468,-10.878
10.77,1233.261,70.924,-10.863
10.82,1236.794,70.381,-10.848
10.87,1240.3,69.839,-10.833
10.92,1243.778,69.298,-10.819
10.97,1247.229,68.757,-10.804
11.02,1250.654,68.218,-10.789
11.07,1254.051,67.679,-10.774
11.12,1257.422,67.14,-10.759
11.17,1260.765,66.603,-10.744
11.22,1264.082,66.066,-10.729
11.27,1267.372,65.53,-10.713
11.32,1270.635,64.995,-10.697
11.37,1273.871,64.46,-10.681
11.42,1277.081,63.926,-10.665
11.47,1280.264,63.394,-10.649
11.52,1283.42,62.861,-10.634
11.57,1286.55,62.33,-10.618
11.62,1289.653,61.8,-10.602
11.67,1292.73,61.27,-10.587
11.72,1295.78,60.741,-10.572
11.77,1298.804,60.213,-10.558
11.82,1301.802,59.685,-10.543
11.87,1304.773,59.158,-10.53
11.92,1307.717,58.632,-10.516
11.97,1310.636,58.107,-10.503
12.02,1313.528,57.582,-10.49
12.07,1316.394,57.058,-10.478
12.12,1319.234,56.534,-10.466
12.17,1322.048,56.011,-10.454
12.22,1324.835,55.489,-10.442
12.27,1327.596,54.967,-10.431
12.32,1330.332,54.446,-10.42
12.37,1333.041,53.925,-10.409
12.42,1335.724,53.405,-10.398
12.47,1338.382,52.885,-10.387
12.52,1341.013,52.366,-10.376
12.57,1343.618,51.848,-10.365
12.62,1346.198,51.33,-10.354
12.67,1348.751,50.812,-10.343
12.72,1351.279,50.295,-10.332
12.77,1353.781,49.779,-10.321
12.82,1356.257,49.263,-10.31
12.87,1358.707,48.748,-10.299
12.92,1361.131,48.233,-10.288
12.97,1363.53,47.719,-10.277
13.02,1365.903,47.205,-10.266
13.07,1368.251,46.692,-10.256
13.12,1370.573,46.18,-10.245
13.17,1372.869,45.668,-10.234
13.22,1375.139,45.156,-10.223
13.27,1377.384,44.646,-10.213
13.32,1379.604,44.135,-10.202
13.37,1381.798,43.625,-10.192
13.42,1383.967,43.116,-10.182
13.47,1386.11,42.607,-10.172
13.52,1388.227,42.099,-10.162
13.57,1390.319,41.591,-10.152
13.62,1392.386,41.084,-10.143
13.67,1394.428,40.577,-10.133
13.72,1396.444,40.07,-10.124
13.77,1398.435,39.564,-10.115
13.82,1400.4,39.059,-10.107
13.87,1402.341,38.554,-10.098
13.92,1404.256,38.049,-10.09
13.97,1406.146,37.545,-10.081
14.02,1408.01,37.041,-10.073
14.07,1409.85,36.537,-10.065
14.12,1411.664,36.034,-10.057
14.17,1413.453,35.532,-10.049
14.22,1415.217,35.029,-10.042
14.27,1416.956,34.527,-10.034
14.32,1418.67,34.026,-10.027
14.37,1420.359,33.525,-10.019
14.42,1422.022,33.024,-10.012
14.47,1423.661,32.524,-10.004
14.52,1425.275,32.024,-9.997
14.57,1426.863,31.524,-9.99
14.62,1428.427,31.025,-9.983
14.67,1429.966,30.526,-9.975
14.72,1431.48,30.027,-9.968
14.77,1432.969,29.529,-9.961
14.82,1434.433,29.031,-9.954
14.87,1435.872,28.533,-9.947
14.92,1437.286,28.036,-9.939
14.97,1438.675,27.54,-9.932
15.02,1440.04,27.043,-9.925
15.07,1441.38,26.547,-9.918
15.12,1442.695,26.051,-9.911
15.17,1443.985,25.556,-9.904
15.22,1445.25,25.061,-9.897
15.27,1446.491,24.566,-9.889
15.32,1447.707,24.072,-9.882
15.37,1448.898,23.578,-9.875
15.42,1450.065,23.084,-9.868
15.47,1451.207,22.591,-9.861
15.52,1452.324,22.098,-9.854
15.57,1453.416,21.606,-9.847
15.62,1454.484,21.114,-9.84
15.67,1455.528,20.622,-9.833
15.72,1456.547,20.13,-9.825
15.77,1457.541,19.639,-9.818
15.82,1458.511,19.149,-9.811
15.87,1459.456,18.658,-9.804
15.92,1460.376,18.168,-9.797
15.97,1461.273,17.679,-9.79
16.02,1462.144,17.189,-9.782
16.07,1462.991,16.7,-9.775
16.12,1463.814,16.212,-9.768
16.17,1464.613,15.723,-9.761
16.22,1465.387,15.236,-9.754
16.27,1466.136,14.748,-9.746
16.32,1466.861,14.261,-9.739
16.37,1467.562,13.774,-9.732
16.42,1468.239,13.288,-9.724
16.47,1468.891,12.802,-9.717
16.52,1469.519,12.316,-9.71
16.57,1470.123,11.831,-9.702
16.62,1470.702,11.346,-9.695
16.67,1471.257,10.861,-9.687
16.72,1471.788,10.377,-9.68
16.77,1472.295,9.893,-9.672
16.82,1472.778,9.41,-9.665
16.87,1473.236,8.927,-9.657
16.92,1473.67,8.444,-9.65
16.97,1474.08,7.962,-9.643
17.02,1474.466,7.48,-9.635
17.07,1474.828,6.998,-9.628
17.12,1475.166,6.517,-9.621
17.17,1475.48,6.036,-9.614
17.22,1475.77,5.556,-9.607
17.27,1476.036,5.076,-9.6
17.32,1476.278,4.596,-9.593
17.37,1476.495,4.116,-9.587
17.42,1476.689,3.637,-9.581
17.47,1476.859,3.158,-9.575
17.52,1477.005,2.68,-9.569
17.57,1477.127,2.201,-9.564
17.62,1477.225,1.723,-9.56
17.67,1477.299,1.245,-9.555
17.72,1477.35,0.768,-9.552
17.77,1477.376,0.29,-9.549
17.82,1477.379,-0.187,-9.546
17.87,1477.357,-0.664,-9.544
17.875,1477.354,-0.713,-9.705
18.375,1475.785,-5.563,-9.7
18.875,1471.856,-10.152,-9.177
19.375,1465.7,-14.475,-8.647
19.875,1457.455,-18.504,-8.058
20.375,1447.278,-22.201,-7.394
20.875,1435.344,-25.537,-6.672
21.375,1421.836,-28.495,-5.917
21.875,1406.943,-31.076,-5.161
22.375,1390.851,-33.293,-4.434
22.875,1373.734,-35.171,-3.756
23.375,1355.756,-36.742,-3.141
23.875,1337.061,-38.04,-2.598
24.375,1317.775,-39.103,-2.126
24.875,1298.008,-39.965,-1.724
25.375,1277.852,-40.658,-1.385
25.875,1257.385,-41.21,-1.104
26.375,1236.671,-41.645,-0.872
26.875,1215.764,-41.986,-0.682
27.375,1194.704,-42.25,-0.528
27.875,1173.529,-42.452,-0.403
28.375,1152.265,-42.603,-0.303
28.875,1130.936,-42.714,-0.222
29.375,1109.559,-42.793,-0.158
29.875,1088.149,-42.847,-0.107
30.375,1066.718,-42.88,-0.066
30.875,1045.274,-42.896,-0.034
31.375,1023.825,-42.901,-0.008
31.875,1002.376,-42.894,0.012
32.375,980.932,-42.881,0.028
32.875,959.497,-42.86,0.042
33.375,938.074,-42.834,0.052
33.875,916.665,-42.803,0.061
34.375,895.272,-42.769,0.067
34.875,873.896,-42.733,0.072
35.375,852.539,-42.695,0.076
35.875,831.201,-42.655,0.079
36.375,809.884,-42.615,0.082
36.875,788.587,-42.573,0.083
37.375,767.311,-42.531,0.084
37.875,746.056,-42.488,0.085
38.375,724.823,-42.445,0.086
38.875,703.611,-42.402,0.086
39.375,682.421,-42.359,0.086
39.875,661.252,-42.316,0.086
40.375,640.105,-42.273,0.086
40.875,618.98,-42.23,0.086
41.375,597.876,-42.187,0.086
41.875,576.793,-42.144,0.086
42.375,555.732,-42.101,0.085
42.875,534.692,-42.058,0.085
43.375,513.673,-42.016,0.085
43.875,492.676,-41.974,0.084
44.375,471.7,-41.932,0.084
44.875,450.744,-41.889,0.085
45.375,429.811,-41.846,0.086
45.875,408.898,-41.803,0.086
46.375,388.007,-41.76,0.086
46.875,367.138,-41.717,0.086
47.375,346.29,-41.674,0.086
47.875,325.464,-41.632,0.086
48.375,304.658,-41.589,0.085
48.875,283.874,-41.546,0.085
49.375,263.112,-41.504,0.085
49.875,242.37,-41.462,0.084
50.375,221.65,-41.42,0.084
50.875,200.95,-41.378,0.084
51.375,180.272,-41.337,0.083
51.875,159.614,-41.295,0.083
52.375,138.976,-41.254,0.082
52.376,138.935,-40.544,710.119
52.377,138.895,-39.858,685.551
52.378,138.856,-39.196,662.238
52.379,138.817,-38.556,640.095
52.38,138.779,-37.937,619.045
52.381,138.741,-37.338,599.017
52.382,138.704,-36.758,579.945
52.383,138.667,-36.196,561.77
52.384,138.631,-35.652,544.435
52.385,138.596,-35.124,527.89
52.386,138.561,-34.612,512.087
52.387,138.527,-34.115,496.983
52.388,138.493,-33.632,482.536
52.389,138.46,-33.164,468.709
52.39,138.427,-32.708,455.467
52.391,138.394,-32.265,442.776
52.392,138.362,-31.835,430.608
52.393,138.33,-31.416,418.933
52.394,138.299,-31.008,407.725
52.395,138.268,-30.611,396.96
52.396,138.238,-30.224,386.613
52.397,138.208,-29.848,376.665
52.398,138.178,-29.481,367.094
52.399,138.149,-29.123,357.882
52.4,138.12,-28.774,349.011
52.401,138.092,-28.433,340.464
52.402,138.063,-28.101,332.225
52.403,138.035,-27.777,324.281
52.404,138.008,-27.46,316.616
52.405,137.98,-27.151,309.218
52.406,137.953,-26.849,302.075
52.407,137.927,-26.554,295.175
52.408,137.9,-26.265,288.508
52.409,137.874,-25.983,282.062
52.41,137.848,-25.707,275.828
52.411,137.823,-25.438,269.797
52.412,137.797,-25.174,263.96
52.413,137.772,-24.915,258.309
52.414,137.748,-24.662,252.836
52.415,137.723,-24.415,247.534
52.416,137.699,-24.173,242.395
52.417,137.675,-23.935,237.414
52.418,137.651,-23.703,232.582
52.419,137.627,-23.475,227.896
52.42,137.604,-23.251,223.348
52.421,137.581,-23.032,218.933
52.422,137.558,-22.818,214.647
52.423,137.535,-22.607,210.484
52.424,137.513,-22.401,206.439
52.425,137.49,-22.198,202.509
52.426,137.468,-22,198.688
52.427,137.446,-21.805,194.974
52.428,137.425,-21.613,191.361
52.429,137.403,-21.425,187.846
52.43,137.382,-21.241,184.426
52.431,137.361,-21.06,181.098
52.432,137.34,-20.882,177.857
52.433,137.319,-20.707,174.702
52.434,137.298,-20.536,171.628
52.435,137.278,-20.367,168.634
52.436,137.258,-20.201,165.716
52.437,137.237,-20.038,162.872
52.438,137.217,-19.878,160.1
52.439,137.198,-19.721,157.396
52.44,137.178,-19.566,154.76
52.441,137.158,-19.414,152.188
52.442,137.139,-19.264,149.678
52.443,137.12,-19.117,147.229
52.444,137.101,-18.972,144.839
52.445,137.082,-18.83,142.505
52.446,137.063,-18.69,140.226
52.447,137.045,-18.552,138.001
52.448,137.026,-18.416,135.827
52.449,137.008,-18.282,133.702
52.45,136.99,-18.15,131.627
52.451,136.972,-18.021,129.598
52.452,136.954,-17.893,127.615
52.453,136.936,-17.767,125.676
52.454,136.918,-17.644,123.78
52.455,136.9,-17.522,121.926
52.456,136.883,-17.402,120.112
52.457,136.866,-17.283,118.338
52.458,136.848,-17.167,116.602
52.459,136.831,-17.052,114.902
52.46,136.814,-16.939,113.239
52.461,136.797,-16.827,111.611
52.462,136.781,-16.717,110.016
52.463,136.764,-16.609,108.455
52.464,136.747,-16.502,106.926
52.465,136.731,-16.396,105.429
52.466,136.715,-16.292,103.961
52.467,136.698,-16.19,102.524
52.468,136.682,-16.089,101.115
52.469,136.666,-15.989,99.734
52.47,136.65,-15.89,98.381
52.471,136.634,-15.793,97.054
52.472,136.619,-15.698,95.753
52.473,136.603,-15.603,94.478
52.474,136.587,-15.51,93.227
52.475,136.572,-15.418,91.999
52.476,136.557,-15.327,90.796
52.477,136.541,-15.238,89.615
52.478,136.526,-15.149,88.456
52.479,136.511,-15.062,87.319
52.48,136.496,-14.976,86.203
52.481,136.481,-14.89,85.108
52.482,136.466,-14.806,84.032
52.483,136.451,-14.723,82.977
52.484,136.437,-14.641,81.94
52.485,136.422,-14.561,80.922
52.486,136.408,-14.481,79.922
52.487,136.393,-14.4,78.94
52.488,136.378,-14.319,77.958
52.489,136.363,-14.238,76.976
52.491,136.348,-14.156,75.994
52.492,136.332,-14.074,75.012
52.493,136.317,-13.992,74.031
52.494,136.301,-13.909,73.05
52.495,136.285,-13.825,72.069
52.496,136.268,-13.741,71.088
52.497,136.252,-13.656,70.108
52.499,136.235,-13.571,69.128
52.5,136.218,-13.486,68.148
52.501,136.201,-13.4,67.168
52.502,136.183,-13.313,66.189
52.504,136.166,-13.226,65.21
52.505,136.148,-13.138,64.231
52.507,136.129,-13.05,63.252
52.508,136.111,-12.961,62.274
52.509,136.092,-12.871,61.296
52.511,136.073,-12.781,60.319
52.512,136.053,-12.691,59.342
52.514,136.034,-12.599,58.365
52.516,136.013,-12.507,57.388
52.517,135.993,-12.415,56.412
52.519,135.972,-12.322,55.436
52.521,135.951,-12.228,54.461
52.522,135.93,-12.133,53.486
52.524,135.908,-12.038,52.511
52.526,135.885,-11.942,51.537
52.528,135.863,-11.845,50.563
52.53,135.839,-11.748,49.59
52.532,135.816,-11.65,48.617
52.534,135.792,-11.551,47.645
52.536,135.767,-11.451,46.673
52.538,135.742,-11.35,45.702
52.541,135.716,-11.249,44.732
52.543,135.69,-11.146,43.762
52.545,135.663,-11.043,42.792
52.548,135.636,-10.939,41.823
52.551,135.608,-10.834,40.855
52.553,135.579,-10.728,39.887
52.556,135.55,-10.621,38.921
52.559,135.52,-10.513,37.954
52.562,135.489,-10.404,36.989
52.565,135.458,-10.294,36.024
52.568,135.425,-10.183,35.061
52.571,135.392,-10.071,34.098
52.575,135.357,-9.957,33.136
52.578,135.322,-9.843,32.175
52.582,135.286,-9.727,31.215
52.586,135.248,-9.61,30.256
52.59,135.21,-9.492,29.298
52.594,135.17,-9.372,28.342
52.598,135.129,-9.251,27.387
52.603,135.086,-9.128,26.433
52.608,135.042,-9.004,25.48
52.613,134.996,-8.879,24.529
52.618,134.949,-8.752,23.58
52.624,134.9,-8.623,22.632
52.63,134.848,-8.493,21.686
52.637,134.794,-8.361,20.742
52.643,134.738,-8.227,19.8
52.651,134.68,-8.091,18.861
52.658,134.618,-7.953,17.924
52.666,134.553,-7.814,16.989
52.675,134.485,-7.672,16.058
52.685,134.413,-7.528,15.129
52.695,134.336,-7.382,14.205
52.706,134.255,-7.234,13.284
52.718,134.167,-7.084,12.367
52.732,134.074,-6.931,11.455
52.746,133.973,-6.775,10.548
52.763,133.864,-6.618,9.648
52.781,133.744,-6.458,8.754
52.802,133.612,-6.295,7.868
52.825,133.466,-6.13,6.992
52.852,133.301,-5.964,6.126
52.884,133.114,-5.796,5.273
52.922,132.896,-5.626,4.436
52.969,132.638,-5.458,3.619
53.028,132.321,-5.291,2.827
53.106,131.916,-5.13,2.07
53.215,131.362,-4.981,1.36
53.387,130.516,-4.857,0.723
53.72,128.911,-4.788,0.206
54.22,126.508,-4.824,-0.072
54.72,124.105,-4.786,0.077
55.22,121.702,-4.825,-0.078
55.72,119.3,-4.783,0.083
56.22,116.898,-4.825,-0.083
56.72,114.497,-4.781,0.089
57.22,112.095,-4.825,-0.09
57.72,109.695,-4.778,0.095
58.22,107.294,-4.826,-0.096
58.72,104.893,-4.775,0.102
59.22,102.493,-4.827,-0.104
59.72,100.093,-4.772,0.11
60.22,97.693,-4.828,-0.112
60.72,95.294,-4.769,0.118
61.22,92.895,-4.829,-0.121
61.72,90.496,-4.765,0.127
62.22,88.097,-4.83,-0.13
62.72,85.699,-4.762,0.137
63.22,83.301,-4.832,-0.141
63.72,80.903,-4.758,0.148
64.22,78.506,-4.834,-0.152
64.72,76.109,-4.754,0.16
65.22,73.711,-4.836,-0.164
65.72,71.315,-4.749,0.173
66.22,68.918,-4.838,-0.178
66.72,66.523,-4.744,0.187
67.22,64.126,-4.841,-0.193
67.72,61.731,-4.739,0.203
68.22,59.335,-4.844,-0.209
68.72,56.941,-4.734,0.22
69.22,54.546,-4.847,-0.227
69.72,52.152,-4.728,0.239
70.22,49.757,-4.851,-0.246
70.72,47.364,-4.722,0.259
71.22,44.97,-4.856,-0.268
71.72,42.577,-4.715,0.282
72.22,40.183,-4.86,-0.291
72.72,37.791,-4.707,0.306
73.22,35.398,-4.866,-0.317
73.72,33.007,-4.699,0.334
74.22,30.614,-4.872,-0.346
74.72,28.224,-4.69,0.363
75.22,25.831,-4.879,-0.377
75.72,23.442,-4.681,0.396
76.22,21.05,-4.886,-0.411
76.72,18.661,-4.67,0.432
77.22,16.27,-4.895,-0.449
77.72,13.881,-4.659,0.472
78.22,11.491,-4.904,-0.491
78.717,9.119,-4.648,0.516
79.192,6.852,-4.899,-0.53
79.652,4.648,-4.669,0.501
80.141,2.316,-4.885,-0.443
80.625,0,-4.67,0.444
