Time,Altitude,Temp,Voltage
0,-2,65.0F,8.5
0.05,-8,65.0F,8.5
0.1,5,65.0F,8.5
0.15,0,65.0F,8.5
0.2,2,65.0F,8.5
0.25,5,65.0F,8.5
0.3,-2,65.0F,8.5
0.35,9,65.0F,8.5
0.4,14,65.0F,8.5
0.45,18,65.0F,8.5
0.5,18,65.0F,8.5
0.55,25,65.0F,8.5
0.6,30,65.0F,8.5
0.65,34,65.0F,8.5
0.7,41,65.0F,8.5
0.75,47,65.0F,8.5
0.8,52,65.0F,8.5
0.85,59,65.0F,8.5
0.9,66,65.0F,8.5
0.95,73,65.0F,8.5
1,79,65.0F,8.5
1.05,90,65.0F,8.5
1.1,101,65.0F,8.5
1.15,111,65.0F,8.5
1.2,122,65.0F,8.5
1.25,131,65.0F,8.5
1.3,143,65.0F,8.5
1.35,155,65.0F,8.5
1.4,167,65.0F,8.5
1.45,178,65.0F,8.5
1.5,194,65.0F,8.5
1.55,210,65.0F,8.5
1.6,224,65.0F,8.5
1.65,237,65.0F,8.5
1.7,250,65.0F,8.5
1.75,267,65.0F,8.5
1.8,281,65.0F,8.5
1.85,298,65.0F,8.5
1.9,317,65.0F,8.5
1.95,336,65.0F,8.5
2,354,65.0F,8.5
2.05,377,65.0F,8.5
2.1,396,65.0F,8.5
2.15,415,65.0F,8.5
2.2,438,65.0F,8.5
2.25,457,65.0F,8.5
2.3,473,65.0F,8.5
2.35,498,65.0F,8.5
2.4,524,65.0F,8.5
2.45,546,65.0F,8.5
2.5,572,65.0F,8.5
2.55,592,65.0F,8.5
2.6,617,65.0F,8.5
2.65,642,65.0F,8.5
2.7,666,65.0F,8.5
2.75,692,65.0F,8.5
2.8,717,65.0F,8.5
2.85,746,65.0F,8.5
2.9,778,65.0F,8.5
2.95,810,65.0F,8.5
3,840,65.0F,8.5
3.05,873,65.0F,8.5
3.1,901,65.0F,8.5
3.15,932,65.0F,8.5
3.2,961,65.0F,8.5
3.25,993,65.0F,8.5
3.3,1025,65.0F,8.5
3.35,1059,65.0F,8.5
3.4,1090,65.0F,8.5
3.45,1123,65.0F,8.5
3.5,1153,65.0F,8.5
3.55,1182,65.0F,8.5
3.6,1212,65.0F,8.5
3.65,1243,65.0F,8.5
3.7,1272,65.0F,8.5
3.75,1299,65.0F,8.5
3.8,1330,65.0F,8.5
3.85,1360,65.0F,8.5
3.9,1387,65.0F,8.5
3.95,1415,65.0F,8.5
4,1441,65.0F,8.5
4.05,1473,65.0F,8.5
4.1,1501,65.0F,8.5
4.15,1530,65.0F,8.5
4.2,1558,65.0F,8.5
4.25,1585,65.0F,8.5
4.3,1616,65.0F,8.5
4.35,1642,65.0F,8.5
4.4,1666,65.0F,8.5
4.45,1693,65.0F,8.5
4.5,1719,65.0F,8.5
4.55,1748,65.0F,8.5
4.6,1775,65.0F,8.5
4.65,1804,65.0F,8.5
4.7,1830,64.9F,8.5
4.75,1855,64.9F,8.5
4.8,1878,65.0F,8.5
4.85,1907,64.9F,8.5
4.9,1930,65.0F,8.5
4.95,1956,65.0F,8.5
5,1986,65.0F,8.5
5.05,2009,65.0F,8.5
5.1,2035,65.0F,8.5
5.15,2060,64.9F,8.5
5.2,2087,64.9F,8.5
5.25,2110,64.9F,8.5
5.3,2137,64.9F,8.5
5.35,2158,65.0F,8.5
5.4,2181,65.0F,8.5
5.45,2209,65.0F,8.5
5.5,2233,64.9F,8.5
5.55,2258,64.9F,8.5
5.6,2282,64.9F,8.5
5.65,2306,64.9F,8.5
5.7,2327,65.0F,8.5
5.75,2353,64.9F,8.5
5.8,2379,64.9F,8.5
5.85,2401,64.9F,8.5
5.9,2423,64.9F,8.5
5.95,2449,64.9F,8.5
6,2471,64.9F,8.5
6.05,2494,64.9F,8.5
6.1,2516,64.9F,8.5
6.15,2540,64.9F,8.5
6.2,2567,64.9F,8.5
6.25,2584,64.9F,8.5
6.3,2607,64.9F,8.5
6.35,2631,64.9F,8.5
6.4,2650,64.9F,8.5
6.45,2672,64.9F,8.5
6.5,2695,64.9F,8.5
6.55,2714,64.9F,8.5
6.6,2742,64.9F,8.5
6.65,2762,64.9F,8.5
6.7,2782,64.9F,8.5
6.75,2803,64.9F,8.5
6.8,2826,64.9F,8.5
6.85,2847,64.9F,8.5
6.9,2866,64.9F,8.5
6.95,2888,64.9F,8.5
7,2910,64.9F,8.5
7.05,2927,64.9F,8.5
7.1,2950,64.9F,8.5
7.15,2968,64.9F,8.5
7.2,2989,64.9F,8.5
7.25,3014,64.9F,8.5
7.3,3033,64.9F,8.5
7.35,3053,64.9F,8.5
7.4,3072,64.9F,8.5
7.45,3092,64.9F,8.5
7.5,3111,64.9F,8.5
7.55,3130,64.9F,8.5
7.6,3150,64.9F,8.5
7.65,3169,64.9F,8.5
7.7,3187,64.9F,8.5
7.75,3206,64.9F,8.5
7.8,3227,64.9F,8.5
7.85,3245,64.9F,8.5
7.9,3264,64.9F,8.5
7.95,3282,64.9F,8.5
8,3299,64.9F,8.5
8.05,3319,64.9F,8.5
8.1,3337,64.9F,8.5
8.15,3355,64.9F,8.5
8.2,3374,64.9F,8.5
8.25,3393,64.9F,8.5
8.3,3409,64.9F,8.5
8.35,3428,64.9F,8.5
8.4,3444,64.9F,8.5
8.45,3464,64.9F,8.5
8.5,3480,64.9F,8.5
8.55,3498,64.9F,8.5
8.6,3518,64.9F,8.5
8.65,3532,64.9F,8.5
8.7,3546,64.9F,8.5
8.75,3562,64.9F,8.5
8.8,3583,64.9F,8.5
8.85,3596,64.9F,8.5
8.9,3615,64.9F,8.5
8.95,3633,64.9F,8.5
9,3649,64.9F,8.5
9.05,3665,64.9F,8.5
9.1,3681,64.9F,8.5
9.15,3699,64.9F,8.5
9.2,3715,64.9F,8.5
9.25,3730,64.9F,8.5
9.3,3747,64.9F,8.5
9.35,3762,64.9F,8.5
9.4,3778,64.9F,8.5
9.45,3793,64.9F,8.5
9.5,3808,64.8F,8.5
9.55,3824,64.9F,8.5
9.6,3838,64.9F,8.5
9.65,3855,64.8F,8.5
9.7,3872,64.8F,8.5
9.75,3884,64.9F,8.5
9.8,3897,64.8F,8.5
9.85,3913,64.9F,8.5
9.9,3929,64.9F,8.5
9.95,3943,64.8F,8.5
10,3958,64.9F,8.5
10.05,3973,64.9F,8.5
10.1,3988,64.8F,8.5
10.15,4001,64.9F,8.5
10.2,4016,64.8F,8.5
10.25,4029,64.8F,8.5
10.3,4043,64.8F,8.5
10.35,4057,64.8F,8.5
10.4,4071,64.8F,8.5
10.45,4088,64.8F,8.5
10.5,4099,64.8F,8.5
10.55,4112,64.8F,8.5
10.6,4126,64.8F,8.5
10.65,4141,64.8F,8.5
10.7,4154,64.8F,8.5
10.75,4168,64.8F,8.5
10.8,4179,64.8F,8.5
10.85,4190,64.8F,8.5
10.9,4205,64.8F,8.5
10.95,4217,64.8F,8.5
11,4229,64.8F,8.5
11.05,4242,64.8F,8.5
11.1,4256,64.8F,8.5
11.15,4267,64.8F,8.5
11.2,4280,64.8F,8.5
11.25,4291,64.8F,8.5
11.3,4305,64.8F,8.5
11.35,4317,64.8F,8.5
11.4,4328,64.8F,8.5
11.45,4341,64.8F,8.5
11.5,4351,64.8F,8.5
11.55,4362,64.8F,8.5
11.6,4372,64.8F,8.5
11.65,4384,64.8F,8.5
11.7,4397,64.8F,8.5
11.75,4407,64.8F,8.5
11.8,4420,64.8F,8.5
11.85,4429,64.8F,8.5
11.9,4442,64.8F,8.5
11.95,4453,64.8F,8.5
12,4464,64.8F,8.5
12.05,4473,64.8F,8.5
12.1,4486,64.8F,8.5
12.15,4496,64.8F,8.5
12.2,4506,64.8F,8.5
12.25,4514,64.8F,8.5
12.3,4526,64.8F,8.5
12.35,4537,64.8F,8.5
12.4,4547,64.8F,8.5
12.45,4557,64.8F,8.5
12.5,4567,64.8F,8.5
12.55,4577,64.8F,8.5
12.6,4587,64.8F,8.5
12.65,4597,64.8F,8.5
12.7,4606,64.8F,8.5
12.75,4614,64.8F,8.5
12.8,4625,64.8F,8.5
12.85,4633,64.8F,8.5
12.9,4644,64.8F,8.5
12.95,4652,64.8F,8.5
13,4662,64.8F,8.5
13.05,4671,64.8F,8.5
13.1,4681,64.8F,8.5
13.15,4689,64.8F,8.5
13.2,4697,64.8F,8.5
13.25,4705,64.8F,8.5
13.3,4715,64.8F,8.5
13.35,4722,64.8F,8.5
13.4,4731,64.8F,8.5
13.45,4739,64.8F,8.5
13.5,4747,64.8F,8.5
13.55,4757,64.8F,8.5
13.6,4764,64.8F,8.5
13.65,4771,64.8F,8.5
13.7,4779,64.8F,8.5
13.75,4787,64.8F,8.5
13.8,4795,64.8F,8.5
13.85,4803,64.8F,8.5
13.9,4811,64.8F,8.5
13.95,4817,64.8F,8.5
14,4825,64.8F,8.5
14.05,4832,64.8F,8.5
14.1,4839,64.8F,8.5
14.15,4847,64.8F,8.5
14.2,4854,64.8F,8.5
14.25,4861,64.8F,8.5
14.3,4868,64.8F,8.5
14.35,4874,64.8F,8.5
14.4,4881,64.8F,8.5
14.45,4887,64.8F,8.5
14.5,4893,64.8F,8.5
14.55,4900,64.8F,8.5
14.6,4907,64.8F,8.5
14.65,4913,64.8F,8.5
14.7,4921,64.8F,8.5
14.75,4924,64.8F,8.5
14.8,4932,64.8F,8.5
14.85,4939,64.8F,8.5
14.9,4944,64.8F,8.5
14.95,4951,64.8F,8.5
15,4956,64.8F,8.5
15.05,4960,64.8F,8.5
15.1,4966,64.8F,8.5
15.15,4972,64.8F,8.5
15.2,4976,64.8F,8.5
15.25,4982,64.8F,8.5
15.3,4989,64.8F,8.5
15.35,4993,64.8F,8.5
15.4,4998,64.8F,8.5
15.45,5003,64.8F,8.5
15.5,5008,64.8F,8.5
15.55,5014,64.8F,8.5
15.6,5017,64.8F,8.5
15.65,5024,64.8F,8.5
15.7,5028,64.8F,8.5
15.75,5032,64.8F,8.5
15.8,5039,64.8F,8.5
15.85,5042,64.8F,8.5
15.9,5046,64.8F,8.5
15.95,5049,64.8F,8.5
16,5053,64.8F,8.5
16.05,5058,64.8F,8.5
16.1,5061,64.8F,8.5
16.15,5064,64.8F,8.5
16.2,5071,64.8F,8.5
16.25,5072,64.8F,8.5
16.3,5076,64.8F,8.5
16.35,5078,64.8F,8.5
16.4,5083,64.8F,8.5
16.45,5087,64.8F,8.5
16.5,5089,64.8F,8.5
16.55,5092,64.8F,8.5
16.6,5097,64.8F,8.5
16.65,5099,64.8F,8.5
16.7,5102,64.8F,8.5
16.75,5104,64.8F,8.5
16.8,5107,64.8F,8.5
16.85,5109,64.8F,8.5
16.9,5115,64.8F,8.5
16.95,5116,64.8F,8.5
17,5118,64.8F,8.5
17.05,5123,64.8F,8.5
17.1,5123,64.8F,8.5
17.15,5126,64.8F,8.5
17.2,5128,64.8F,8.5
17.25,5129,64.8F,8.5
17.3,5132,64.8F,8.5
17.35,5135,64.8F,8.5
17.4,5136,64.8F,8.5
17.45,5139,64.8F,8.5
17.5,5141,64.8F,8.5
17.55,5141,64.8F,8.5
17.6,5144,64.8F,8.5
17.65,5143,64.8F,8.5
17.7,5147,64.8F,8.5
17.75,5146,64.8F,8.5
17.8,5148,64.8F,8.5
17.85,5152,64.8F,8.5
17.9,5151,64.8F,8.5
17.95,5154,64.7F,8.5
18,5152,64.8F,8.5
18.05,5154,64.8F,8.5
18.1,5154,64.8F,8.5
18.15,5157,64.8F,8.5
18.2,5156,64.8F,8.5
18.25,5158,64.8F,8.5
18.3,5159,64.8F,8.5
18.35,5159,64.7F,8.5
18.4,5160,64.8F,8.5
18.45,5158,64.8F,8.5
18.5,5158,64.8F,8.5
18.55,5106,64.8F,8.5
18.6,5172,64.8F,8.5
18.65,5164,64.8F,8.5
18.7,5161,64.8F,8.5
18.75,5161,64.8F,8.5
18.8,5162,64.8F,8.5
18.85,5159,64.8F,8.5
18.9,5160,64.9F,8.5
18.95,5161,64.9F,8.5
19,5159,64.9F,8.5
19.05,5160,64.9F,8.5
19.1,5159,64.9F,8.5
19.15,5159,64.9F,8.5
19.2,5158,65.0F,8.5
19.25,5159,64.9F,8.5
19.3,5159,65.0F,8.5
19.35,5160,65.0F,8.5
19.4,5160,65.0F,8.5
19.45,5160,65.0F,8.5
19.5,5159,65.0F,8.5
19.55,5159,65.0F,8.5
19.6,5160,65.0F,8.5
19.65,5163,65.0F,8.5
19.7,5168,65.0F,8.5
19.75,5169,65.0F,8.5
19.8,5166,65.0F,8.5
19.85,5163,65.0F,8.5
19.9,5159,65.0F,8.5
19.95,5152,65.0F,8.5
20,5145,65.0F,8.5
20.05,5137,65.0F,8.5
20.1,5133,65.0F,8.5
20.15,5128,65.0F,8.5
20.2,5125,65.0F,8.5
20.25,5123,65.0F,8.5
20.3,5122,65.0F,8.5
20.35,5120,65.0F,8.5
20.4,5118,65.0F,8.5
20.45,5121,65.0F,8.5
20.5,5127,65.0F,8.5
20.55,5138,65.0F,8.5
20.6,5149,65.0F,8.5
20.65,5156,65.0F,8.5
20.7,5145,65.0F,8.5
20.75,5141,65.0F,8.5
20.8,5138,65.0F,8.5
20.85,5147,65.0F,8.5
20.9,5159,65.0F,8.5
20.95,5152,65.0F,8.5
21,5143,65.0F,8.5
21.05,5134,65.0F,8.5
21.1,5113,65.0F,8.5
21.15,5105,65.0F,8.5
21.2,5097,65.0F,8.5
21.25,5083,65.0F,8.5
21.3,5076,65.0F,8.5
21.35,5069,65.0F,8.5
21.4,5065,65.0F,8.5
21.45,5061,65.0F,8.5
21.5,5058,65.0F,8.5
21.55,5054,65.0F,8.5
21.6,5051,65.0F,8.5
21.65,5049,65.0F,8.5
21.7,5043,65.0F,8.5
21.75,5039,65.0F,8.5
21.8,5038,65.0F,8.5
21.85,5036,65.0F,8.5
21.9,5037,65.0F,8.5
21.95,5038,65.0F,8.5
22,5043,65.0F,8.5
22.05,5045,65.0F,8.5
22.1,5050,65.0F,8.5
22.15,5046,65.0F,8.5
22.2,5044,65.0F,8.5
22.25,5038,65.0F,8.5
22.3,5031,65.0F,8.5
22.35,5020,65.0F,8.5
22.4,5012,65.0F,8.5
22.45,5003,65.0F,8.5
22.5,4994,65.0F,8.5
22.55,4986,65.0F,8.5
22.6,4978,65.0F,8.5
22.65,4973,65.0F,8.5
22.7,4967,65.0F,8.5
22.75,4964,65.0F,8.5
22.8,4959,65.0F,8.5
22.85,4955,65.0F,8.5
22.9,4951,65.0F,8.5
22.95,4948,65.0F,8.5
23,4946,65.0F,8.5
23.05,4949,65.0F,8.5
23.1,4953,65.0F,8.5
23.15,4953,65.0F,8.5
23.2,4952,65.0F,8.5
23.25,4948,65.0F,8.5
23.3,4943,65.0F,8.5
23.35,4935,65.0F,8.5
23.4,4928,65.0F,8.5
23.45,4916,65.0F,8.5
23.5,4904,65.0F,8.5
23.55,4896,65.0F,8.5
23.6,4891,65.0F,8.5
23.65,4887,65.0F,8.5
23.7,4881,65.0F,8.5
23.75,4876,65.0F,8.5
23.8,4872,65.0F,8.5
23.85,4867,65.0F,8.5
23.9,4864,65.0F,8.5
23.95,4858,65.0F,8.5
24,4854,65.0F,8.5
24.05,4852,65.0F,8.5
24.1,4849,65.0F,8.5
24.15,4846,65.0F,8.5
24.2,4843,65.0F,8.5
24.25,4841,65.0F,8.5
24.3,4837,65.0F,8.5
24.35,4837,65.0F,8.5
24.4,4832,65.0F,8.5
24.45,4829,65.0F,8.5
24.5,4827,65.0F,8.5
24.55,4827,65.0F,8.5
24.6,4828,65.0F,8.5
24.65,4827,65.0F,8.5
24.7,4826,65.0F,8.5
24.75,4823,65.0F,8.5
24.8,4813,65.0F,8.5
24.85,4797,65.0F,8.5
24.9,4779,65.0F,8.5
24.95,4767,65.0F,8.5
25,4767,64.9F,8.5
25.05,4778,65.0F,8.5
25.1,4796,65.0F,8.5
25.15,4814,65.0F,8.5
25.2,4830,65.0F,8.5
25.25,4816,65.0F,8.5
25.3,4794,65.0F,8.5
25.35,4780,65.0F,8.5
25.4,4758,65.0F,8.5
25.45,4736,65.0F,8.5
25.5,4727,65.0F,8.5
25.55,4715,65.0F,8.5
25.6,4708,65.0F,8.5
25.65,4708,65.0F,8.5
25.7,4709,64.9F,8.5
25.75,4713,65.0F,8.5
25.8,4724,64.9F,8.5
25.85,4728,64.9F,8.5
25.9,4718,64.9F,8.5
25.95,4702,64.9F,8.5
26,4686,65.0F,8.5
26.05,4675,64.9F,8.5
26.1,4665,64.9F,8.5
26.15,4658,64.9F,8.5
26.2,4656,64.9F,8.5
26.25,4650,65.0F,8.5
26.3,4654,64.9F,8.5
26.35,4651,64.9F,8.5
26.4,4645,64.9F,8.5
26.45,4641,64.9F,8.5
26.5,4634,64.9F,8.5
26.55,4624,64.9F,8.5
26.6,4618,64.9F,8.5
26.65,4613,65.0F,8.5
26.7,4608,64.9F,8.5
26.75,4602,65.0F,8.5
26.8,4599,64.9F,8.5
26.85,4595,64.9F,8.5
26.9,4590,64.9F,8.5
26.95,4587,64.9F,8.5
27,4582,64.9F,8.5
27.05,4576,64.9F,8.5
27.1,4571,64.9F,8.5
27.15,4565,64.9F,8.5
27.2,4562,64.9F,8.5
27.25,4557,64.9F,8.5
27.3,4555,64.9F,8.5
27.35,4553,64.9F,8.5
27.4,4546,64.9F,8.5
27.45,4543,64.9F,8.5
27.5,4534,64.9F,8.5
27.55,4523,64.9F,8.5
27.6,4521,64.9F,8.5
27.65,4522,64.9F,8.5
27.7,4527,64.9F,8.5
27.75,4524,64.9F,8.5
27.8,4514,64.9F,8.5
27.85,4511,64.9F,8.5
27.9,4517,64.9F,8.5
27.95,4507,64.9F,8.5
28,4501,64.9F,8.5
28.05,4493,64.9F,8.5
28.1,4487,64.9F,8.5
28.15,4482,64.9F,8.5
28.2,4473,64.9F,8.5
28.25,4463,64.9F,8.5
28.3,4459,64.9F,8.5
28.35,4457,64.9F,8.5
28.4,4469,64.9F,8.5
28.45,4458,64.9F,8.5
28.5,4448,64.9F,8.5
28.55,4436,64.9F,8.5
28.6,4431,64.9F,8.5
28.65,4422,64.9F,8.5
28.7,4411,64.9F,8.5
28.75,4408,64.9F,8.5
28.8,4402,64.9F,8.5
28.85,4399,64.9F,8.5
28.9,4397,64.9F,8.5
28.95,4391,64.9F,8.5
29,4382,64.9F,8.5
29.05,4380,64.9F,8.5
29.1,4376,64.9F,8.5
29.15,4376,64.9F,8.5
29.2,4378,64.9F,8.5
29.25,4381,64.9F,8.5
29.3,4393,64.9F,8.5
29.35,4406,64.9F,8.5
29.4,4403,64.9F,8.5
29.45,4378,64.9F,8.5
29.5,4362,64.9F,8.5
29.55,4343,64.9F,8.5
29.6,4342,64.9F,8.5
29.65,4334,64.9F,8.5
29.7,4329,64.9F,8.5
29.75,4330,64.9F,8.5
29.8,4330,64.9F,8.5
29.85,4332,64.9F,8.5
29.9,4333,64.9F,8.5
29.95,4334,64.9F,8.5
30,4349,64.9F,8.5
30.05,4363,64.8F,8.5
30.1,4371,64.9F,8.5
30.15,4354,64.9F,8.5
30.2,4327,64.9F,8.5
30.25,4301,64.9F,8.5
30.3,4285,64.9F,8.5
30.35,4262,64.9F,8.5
30.4,4249,64.9F,8.5
30.45,4248,64.9F,8.5
30.5,4249,64.9F,8.5
30.55,4258,64.9F,8.5
30.6,4257,64.9F,8.5
30.65,4247,64.9F,8.5
30.7,4225,64.8F,8.5
30.75,4213,64.8F,8.5
30.8,4210,64.8F,8.5
30.85,4203,64.9F,8.5
30.9,4208,64.8F,8.5
30.95,4214,64.9F,8.5
31,4238,64.8F,8.5
31.05,4230,64.9F,8.5
31.1,4192,64.8F,8.5
31.15,4182,64.8F,8.5
31.2,4183,64.8F,8.5
31.25,4168,64.8F,8.5
31.3,4158,64.8F,8.5
31.35,4163,64.8F,8.5
31.4,4179,64.8F,8.5
31.45,4194,64.8F,8.5
31.5,4195,64.8F,8.5
31.55,4182,64.8F,8.5
31.6,4163,64.8F,8.5
31.65,4150,64.8F,8.5
31.7,4133,64.8F,8.5
31.75,4119,64.8F,8.5
31.8,4110,64.8F,8.5
31.85,4104,64.8F,8.5
31.9,4100,64.8F,8.5
31.95,4104,64.8F,8.5
32,4106,64.8F,8.5
32.05,4111,64.8F,8.5
32.1,4113,64.8F,8.5
32.15,4112,64.8F,8.5
32.2,4112,64.8F,8.5
32.25,4099,64.8F,8.5
32.3,4085,64.8F,8.5
32.35,4068,64.8F,8.5
32.4,4052,64.8F,8.5
32.45,4047,64.8F,8.5
32.5,4048,64.8F,8.5
32.55,4046,64.8F,8.5
32.6,4046,64.8F,8.5
32.65,4042,64.8F,8.5
32.7,4043,64.8F,8.5
32.75,4030,64.8F,8.5
32.8,4027,64.8F,8.5
32.85,4018,64.8F,8.5
32.9,4010,64.8F,8.5
32.95,3998,64.8F,8.5
33,3996,64.8F,8.5
33.05,3993,64.8F,8.5
33.1,3993,64.8F,8.5
33.15,3995,64.8F,8.5
33.2,3995,64.8F,8.5
33.25,3990,64.8F,8.5
33.3,3983,64.8F,8.5
33.35,3969,64.8F,8.5
33.4,3959,64.8F,8.5
33.45,3948,64.8F,8.5
33.5,3943,64.8F,8.5
33.55,3943,64.8F,8.5
33.6,3952,64.8F,8.5
33.65,3959,64.8F,8.5
33.7,3957,64.8F,8.5
33.75,3953,64.8F,8.5
33.8,3949,64.8F,8.5
33.85,3932,64.8F,8.5
33.9,3921,64.8F,8.5
33.95,3912,64.8F,8.5
34,3902,64.8F,8.5
34.05,3898,64.8F,8.5
34.1,3898,64.8F,8.5
34.15,3898,64.8F,8.5
34.2,3918,64.8F,8.5
34.25,3916,64.8F,8.5
34.3,3913,64.8F,8.5
34.35,3899,64.8F,8.5
34.4,3883,64.8F,8.5
34.45,3858,64.8F,8.5
34.5,3846,64.8F,8.5
34.55,3841,64.8F,8.5
34.6,3839,64.8F,8.5
34.65,3836,64.8F,8.5
34.7,3832,64.8F,8.5
34.75,3830,64.8F,8.5
34.8,3831,64.8F,8.5
34.85,3824,64.8F,8.5
34.9,3819,64.8F,8.5
34.95,3813,64.8F,8.5
35,3809,64.8F,8.5
35.05,3809,64.8F,8.5
35.1,3809,64.8F,8.5
35.15,3815,64.8F,8.5
35.2,3815,64.8F,8.5
35.25,3811,64.8F,8.5
35.3,3792,64.8F,8.5
35.35,3776,64.8F,8.5
35.4,3771,64.8F,8.5
35.45,3761,64.8F,8.5
35.5,3752,64.8F,8.5
35.55,3743,64.8F,8.5
35.6,3740,64.8F,8.5
35.65,3733,64.8F,8.5
35.7,3726,64.8F,8.5
35.75,3724,64.8F,8.5
35.8,3723,64.8F,8.5
35.85,3723,64.8F,8.5
35.9,3720,64.8F,8.5
35.95,3717,64.8F,8.5
36,3718,64.8F,8.5
36.05,3722,64.8F,8.5
36.1,3723,64.8F,8.5
36.15,3733,64.8F,8.5
36.2,3740,64.8F,8.5
36.25,3746,64.8F,8.5
36.3,3734,64.8F,8.5
36.35,3721,64.8F,8.5
36.4,3698,64.8F,8.5
36.45,3690,64.8F,8.5
36.5,3665,64.8F,8.5
36.55,3656,64.8F,8.5
36.6,3647,64.8F,8.5
36.65,3637,64.8F,8.5
36.7,3629,64.8F,8.5
36.75,3623,64.8F,8.5
36.8,3619,64.8F,8.5
36.85,3616,64.8F,8.5
36.9,3613,64.8F,8.5
36.95,3609,64.8F,8.5
37,3600,64.8F,8.5
37.05,3595,64.8F,8.5
37.1,3589,64.8F,8.5
37.15,3585,64.8F,8.5
37.2,3583,64.8F,8.5
37.25,3578,64.8F,8.5
37.3,3581,64.8F,8.5
37.35,3596,64.8F,8.5
37.4,3583,64.8F,8.5
37.45,3572,64.8F,8.5
37.5,3568,64.8F,8.5
37.55,3552,64.8F,8.5
37.6,3543,64.8F,8.5
37.65,3533,64.7F,8.5
37.7,3527,64.8F,8.5
37.75,3523,64.8F,8.5
37.8,3519,64.8F,8.5
37.85,3514,64.8F,8.5
37.9,3506,64.7F,8.5
37.95,3500,64.8F,8.5
38,3497,64.8F,8.5
38.05,3492,64.8F,8.5
38.1,3489,64.7F,8.5
38.15,3491,64.7F,8.5
38.2,3488,64.7F,8.5
38.25,3483,64.7F,8.5
38.3,3476,64.8F,8.5
38.35,3470,64.8F,8.5
38.4,3464,64.7F,8.5
38.45,3467,64.7F,8.5
38.5,3464,64.7F,8.5
38.55,3457,64.7F,8.5
38.6,3450,64.7F,8.5
38.65,3436,64.7F,8.5
38.7,3426,64.7F,8.5
38.75,3421,64.7F,8.5
38.8,3423,64.7F,8.5
38.85,3427,64.7F,8.5
38.9,3427,64.7F,8.5
38.95,3421,64.7F,8.5
39,3410,64.7F,8.5
39.05,3396,64.7F,8.5
39.1,3386,64.7F,8.5
39.15,3380,64.7F,8.5
39.2,3384,64.7F,8.5
39.25,3396,64.7F,8.5
39.3,3407,64.7F,8.5
39.35,3420,64.7F,8.5
39.4,3418,64.7F,8.5
39.45,3410,64.7F,8.5
39.5,3385,64.7F,8.5
39.55,3362,64.7F,8.5
39.6,3345,64.7F,8.5
39.65,3334,64.7F,8.5
39.7,3324,64.7F,8.5
39.75,3320,64.7F,8.5
39.8,3317,64.7F,8.5
39.85,3312,64.7F,8.5
39.9,3307,64.7F,8.5
39.95,3303,64.7F,8.5
40,3297,64.7F,8.5
40.05,3293,64.7F,8.5
40.1,3288,64.7F,8.5
40.15,3278,64.7F,8.5
40.2,3272,64.7F,8.5
40.25,3265,64.7F,8.5
40.3,3261,64.7F,8.5
40.35,3256,64.7F,8.5
40.4,3254,64.7F,8.5
40.45,3254,64.7F,8.5
40.5,3251,64.7F,8.5
40.55,3243,64.7F,8.5
40.6,3234,64.7F,8.5
40.65,3226,64.7F,8.5
40.7,3219,64.7F,8.5
40.75,3216,64.7F,8.5
40.8,3213,64.7F,8.5
40.85,3211,64.7F,8.5
40.9,3209,64.7F,8.5
40.95,3200,64.7F,8.5
41,3195,64.7F,8.5
41.05,3186,64.7F,8.5
41.1,3180,64.7F,8.5
41.15,3174,64.7F,8.5
41.2,3169,64.7F,8.5
41.25,3164,64.7F,8.5
41.3,3161,64.7F,8.5
41.35,3160,64.7F,8.5
41.4,3161,64.7F,8.5
41.45,3162,64.7F,8.5
41.5,3159,64.7F,8.5
41.55,3161,64.7F,8.5
41.6,3165,64.7F,8.5
41.65,3163,64.7F,8.5
41.7,3152,64.7F,8.5
41.75,3135,64.7F,8.5
41.8,3117,64.7F,8.5
41.85,3104,64.7F,8.5
41.9,3097,64.7F,8.5
41.95,3096,64.7F,8.5
42,3095,64.7F,8.5
42.05,3091,64.7F,8.5
42.1,3084,64.7F,8.5
42.15,3075,64.7F,8.5
42.2,3068,64.7F,8.5
42.25,3061,64.7F,8.5
42.3,3057,64.7F,8.5
42.35,3051,64.7F,8.5
42.4,3047,64.7F,8.5
42.45,3047,64.7F,8.5
42.5,3041,64.7F,8.5
42.55,3034,64.7F,8.5
42.6,3026,64.7F,8.5
42.65,3020,64.7F,8.5
42.7,3014,64.7F,8.5
42.75,3012,64.7F,8.5
42.8,3007,64.7F,8.5
42.85,3000,64.7F,8.5
42.9,2995,64.7F,8.5
42.95,2989,64.7F,8.5
43,2983,64.7F,8.5
43.05,2978,64.7F,8.5
43.1,2974,64.7F,8.5
43.15,2966,64.7F,8.5
43.2,2961,64.7F,8.5
43.25,2957,64.7F,8.5
43.3,2952,64.7F,8.5
43.35,2949,64.7F,8.5
43.4,2945,64.7F,8.5
43.45,2936,64.7F,8.5
43.5,2931,64.7F,8.5
43.55,2925,64.7F,8.5
43.6,2921,64.7F,8.5
43.65,2915,64.7F,8.5
43.7,2910,64.7F,8.5
43.75,2905,64.7F,8.5
43.8,2901,64.7F,8.5
43.85,2898,64.7F,8.5
43.9,2898,64.7F,8.5
43.95,2901,64.7F,8.5
44,2897,64.7F,8.5
44.05,2885,64.7F,8.5
44.1,2880,64.7F,8.5
44.15,2870,64.7F,8.5
44.2,2862,64.7F,8.5
44.25,2856,64.7F,8.5
44.3,2861,64.7F,8.5
44.35,2874,64.7F,8.5
44.4,2883,64.7F,8.5
44.45,2874,64.7F,8.5
44.5,2855,64.7F,8.5
44.55,2843,64.7F,8.5
44.6,2835,64.7F,8.5
44.65,2826,64.7F,8.5
44.7,2816,64.7F,8.5
44.75,2806,64.7F,8.5
44.8,2803,64.7F,8.5
44.85,2797,64.7F,8.5
44.9,2799,64.7F,8.5
44.95,2797,64.7F,8.5
45,2793,64.7F,8.5
45.05,2786,64.7F,8.5
45.1,2777,64.7F,8.5
45.15,2767,64.7F,8.5
45.2,2757,64.6F,8.5
45.25,2756,64.7F,8.5
45.3,2754,64.7F,8.5
45.35,2756,64.7F,8.5
45.4,2754,64.7F,8.5
45.45,2745,64.7F,8.5
45.5,2735,64.7F,8.5
45.55,2719,64.7F,8.5
45.6,2717,64.6F,8.5
45.65,2710,64.7F,8.5
45.7,2705,64.7F,8.5
45.75,2700,64.7F,8.5
45.8,2696,64.6F,8.5
45.85,2691,64.7F,8.5
45.9,2689,64.6F,8.5
45.95,2687,64.6F,8.5
46,2683,64.6F,8.5
46.05,2673,64.6F,8.5
46.1,2667,64.6F,8.5
46.15,2660,64.6F,8.5
46.2,2656,64.6F,8.5
46.25,2650,64.6F,8.5
46.3,2645,64.6F,8.5
46.35,2639,64.6F,8.5
46.4,2636,64.6F,8.5
46.45,2629,64.6F,8.5
46.5,2629,64.6F,8.5
46.55,2628,64.6F,8.5
46.6,2628,64.6F,8.5
46.65,2625,64.6F,8.5
46.7,2619,64.6F,8.5
46.75,2612,64.6F,8.5
46.8,2602,64.6F,8.5
46.85,2595,64.6F,8.5
46.9,2588,64.6F,8.5
46.95,2586,64.6F,8.5
47,2584,64.6F,8.5
47.05,2576,64.6F,8.5
47.1,2572,64.6F,8.5
47.15,2567,64.6F,8.5
47.2,2557,64.6F,8.5
47.25,2554,64.6F,8.5
47.3,2548,64.6F,8.5
47.35,2542,64.6F,8.5
47.4,2536,64.6F,8.5
47.45,2531,64.6F,8.5
47.5,2528,64.6F,8.5
47.55,2525,64.6F,8.5
47.6,2526,64.6F,8.5
47.65,2526,64.6F,8.5
47.7,2528,64.6F,8.5
47.75,2530,64.6F,8.5
47.8,2518,64.6F,8.5
47.85,2503,64.6F,8.5
47.9,2491,64.6F,8.5
47.95,2480,64.6F,8.5
48,2475,64.6F,8.5
48.05,2468,64.6F,8.5
48.1,2465,64.6F,8.5
48.15,2462,64.6F,8.5
48.2,2461,64.6F,8.5
48.25,2457,64.6F,8.5
48.3,2452,64.6F,8.5
48.35,2444,64.6F,8.5
48.4,2436,64.6F,8.5
48.45,2431,64.6F,8.5
48.5,2425,64.6F,8.5
48.55,2419,64.6F,8.5
48.6,2415,64.6F,8.5
48.65,2411,64.6F,8.5
48.7,2407,64.6F,8.5
48.75,2400,64.6F,8.5
48.8,2395,64.6F,8.5
48.85,2389,64.6F,8.5
48.9,2385,64.6F,8.5
48.95,2381,64.6F,8.5
49,2380,64.6F,8.5
49.05,2379,64.6F,8.5
49.1,2377,64.6F,8.5
49.15,2369,64.6F,8.5
49.2,2359,64.6F,8.5
49.25,2351,64.6F,8.5
49.3,2345,64.6F,8.5
49.35,2340,64.6F,8.5
49.4,2332,64.6F,8.5
49.45,2327,64.6F,8.5
49.5,2324,64.6F,8.5
49.55,2326,64.6F,8.5
49.6,2326,64.6F,8.5
49.65,2323,64.6F,8.5
49.7,2322,64.6F,8.5
49.75,2317,64.6F,8.5
49.8,2314,64.6F,8.5
49.85,2307,64.6F,8.5
49.9,2303,64.6F,8.5
49.95,2301,64.6F,8.5
50,2300,64.6F,8.5
50.05,2306,64.6F,8.5
50.1,2305,64.6F,8.5
50.15,2299,64.6F,8.5
50.2,2285,64.6F,8.5
50.25,2275,64.6F,8.5
50.3,2262,64.6F,8.5
50.35,2258,64.6F,8.5
50.4,2257,64.6F,8.5
50.45,2259,64.6F,8.5
50.5,2255,64.6F,8.5
50.55,2242,64.6F,8.5
50.6,2229,64.6F,8.5
50.65,2225,64.6F,8.5
50.7,2220,64.6F,8.5
50.75,2212,64.6F,8.5
50.8,2208,64.6F,8.5
50.85,2201,64.6F,8.5
50.9,2195,64.6F,8.5
50.95,2193,64.6F,8.5
51,2185,64.6F,8.5
51.05,2180,64.6F,8.5
51.1,2172,64.6F,8.5
51.15,2163,64.6F,8.5
51.2,2161,64.6F,8.5
51.25,2159,64.6F,8.5
51.3,2149,64.6F,8.5
51.35,2142,64.6F,8.5
51.4,2135,64.6F,8.5
51.45,2129,64.6F,8.5
51.5,2128,64.6F,8.5
51.55,2126,64.6F,8.5
51.6,2119,64.6F,8.5
51.65,2112,64.6F,8.5
51.7,2109,64.6F,8.5
51.75,2109,64.6F,8.5
51.8,2100,64.6F,8.5
51.85,2093,64.6F,8.5
51.9,2089,64.6F,8.5
51.95,2085,64.6F,8.5
52,2082,64.6F,8.5
52.05,2079,64.6F,8.5
52.1,2073,64.6F,8.5
52.15,2064,64.6F,8.5
52.2,2056,64.6F,8.5
52.25,2047,64.6F,8.5
52.3,2042,64.6F,8.5
52.35,2036,64.6F,8.5
52.4,2034,64.6F,8.5
52.45,2030,64.6F,8.5
52.5,2027,64.6F,8.5
52.55,2026,64.6F,8.5
52.6,2024,64.6F,8.5
52.65,2016,64.6F,8.5
52.7,2008,64.6F,8.5
52.75,1999,64.6F,8.5
52.8,1995,64.6F,8.5
52.85,1989,64.6F,8.5
52.9,1983,64.6F,8.5
52.95,1978,64.6F,8.5
53,1972,64.6F,8.5
53.05,1971,64.6F,8.5
53.1,1972,64.6F,8.5
53.15,1968,64.6F,8.5
53.2,1965,64.6F,8.5
53.25,1963,64.6F,8.5
53.3,1964,64.6F,8.5
53.35,1974,64.6F,8.5
53.4,1995,64.6F,8.5
53.45,1998,64.6F,8.5
53.5,1981,64.6F,8.5
53.55,1960,64.6F,8.5
53.6,1945,64.5F,8.5
53.65,1928,64.6F,8.5
53.7,1913,64.5F,8.5
53.75,1909,64.5F,8.5
53.8,1903,64.6F,8.5
53.85,1895,64.5F,8.5
53.9,1893,64.6F,8.5
53.95,1895,64.5F,8.5
54,1897,64.5F,8.5
54.05,1897,64.5F,8.5
54.1,1896,64.5F,8.5
54.15,1893,64.5F,8.5
54.2,1878,64.6F,8.5
54.25,1868,64.5F,8.5
54.3,1858,64.5F,8.5
54.35,1850,64.5F,8.5
54.4,1846,64.5F,8.5
54.45,1845,64.6F,8.5
54.5,1848,64.5F,8.5
54.55,1860,64.6F,8.5
54.6,1863,64.5F,8.5
54.65,1878,64.5F,8.5
54.7,1868,64.5F,8.5
54.75,1844,64.5F,8.5
54.8,1828,64.5F,8.5
54.85,1808,64.5F,8.5
54.9,1799,64.5F,8.5
54.95,1798,64.5F,8.5
55,1802,64.5F,8.5
55.05,1805,64.5F,8.5
55.1,1812,64.5F,8.5
55.15,1805,64.5F,8.5
55.2,1794,64.5F,8.5
55.25,1778,64.5F,8.5
55.3,1766,64.5F,8.5
55.35,1756,64.5F,8.5
55.4,1747,64.5F,8.5
55.45,1742,64.5F,8.5
55.5,1735,64.5F,8.5
55.55,1732,64.5F,8.5
55.6,1727,64.5F,8.5
55.65,1722,64.5F,8.5
55.7,1718,64.5F,8.5
55.75,1713,64.5F,8.5
55.8,1705,64.5F,8.5
55.85,1698,64.5F,8.5
55.9,1691,64.5F,8.5
55.95,1689,64.5F,8.5
56,1683,64.5F,8.5
56.05,1675,64.5F,8.5
56.1,1670,64.5F,8.5
56.15,1665,64.5F,8.5
56.2,1663,64.5F,8.5
56.25,1661,64.5F,8.5
56.3,1660,64.5F,8.5
56.35,1649,64.5F,8.5
56.4,1639,64.5F,8.5
56.45,1633,64.5F,8.5
56.5,1636,64.5F,8.5
56.55,1631,64.5F,8.5
56.6,1625,64.5F,8.5
56.65,1614,64.5F,8.5
56.7,1607,64.5F,8.5
56.75,1604,64.5F,8.5
56.8,1597,64.5F,8.5
56.85,1594,64.5F,8.5
56.9,1595,64.5F,8.5
56.95,1590,64.5F,8.5
57,1581,64.5F,8.5
57.05,1572,64.5F,8.5
57.1,1566,64.5F,8.5
57.15,1566,64.5F,8.5
57.2,1563,64.5F,8.5
57.25,1557,64.5F,8.5
57.3,1554,64.5F,8.5
57.35,1544,64.5F,8.5
57.4,1542,64.5F,8.5
57.45,1535,64.5F,8.5
57.5,1527,64.5F,8.5
57.55,1522,64.5F,8.5
57.6,1521,64.5F,8.5
57.65,1521,64.5F,8.5
57.7,1514,64.5F,8.5
57.75,1503,64.5F,8.5
57.8,1496,64.5F,8.5
57.85,1491,64.5F,8.5
57.9,1488,64.5F,8.5
57.95,1482,64.5F,8.5
58,1478,64.5F,8.5
58.05,1471,64.5F,8.5
58.1,1467,64.5F,8.5
58.15,1461,64.5F,8.5
58.2,1456,64.5F,8.5
58.25,1453,64.5F,8.5
58.3,1450,64.5F,8.5
58.35,1448,64.5F,8.5
58.4,1440,64.5F,8.5
58.45,1433,64.5F,8.5
58.5,1428,64.5F,8.5
58.55,1424,64.5F,8.5
58.6,1419,64.5F,8.5
58.65,1413,64.5F,8.5
58.7,1406,64.5F,8.5
58.75,1401,64.5F,8.5
58.8,1398,64.5F,8.5
58.85,1394,64.5F,8.5
58.9,1387,64.5F,8.5
58.95,1383,64.5F,8.5
59,1378,64.5F,8.5
59.05,1376,64.5F,8.5
59.1,1371,64.5F,8.5
59.15,1368,64.5F,8.5
59.2,1360,64.5F,8.5
59.25,1352,64.5F,8.5
59.3,1348,64.5F,8.5
59.35,1341,64.5F,8.5
59.4,1337,64.5F,8.5
59.45,1332,64.5F,8.5
59.5,1327,64.5F,8.5
59.55,1320,64.5F,8.5
59.6,1315,64.5F,8.5
59.65,1310,64.5F,8.5
59.7,1306,64.5F,8.5
59.75,1299,64.5F,8.5
59.8,1293,64.5F,8.5
59.85,1290,64.5F,8.5
59.9,1290,64.5F,8.5
59.95,1286,64.5F,8.5
60,1278,64.5F,8.5
60.05,1270,64.5F,8.5
60.1,1265,64.5F,8.5
60.15,1257,64.5F,8.5
60.2,1255,64.5F,8.5
60.25,1250,64.5F,8.5
60.3,1249,64.5F,8.5
60.35,1242,64.5F,8.5
60.4,1236,64.5F,8.5
60.45,1230,64.5F,8.5
60.5,1224,64.5F,8.5
60.55,1219,64.5F,8.5
60.6,1216,64.5F,8.5
60.65,1212,64.5F,8.5
60.7,1215,64.5F,8.5
60.75,1209,64.5F,8.5
60.8,1202,64.5F,8.5
60.85,1196,64.5F,8.5
60.9,1187,64.5F,8.5
60.95,1181,64.5F,8.5
61,1175,64.5F,8.5
61.05,1170,64.5F,8.5
61.1,1166,64.5F,8.5
61.15,1159,64.5F,8.5
61.2,1152,64.5F,8.5
61.25,1152,64.5F,8.5
61.3,1149,64.5F,8.5
61.35,1145,64.5F,8.5
61.4,1138,64.5F,8.5
61.45,1131,64.5F,8.5
61.5,1132,64.5F,8.5
61.55,1130,64.5F,8.5
61.6,1126,64.5F,8.5
61.65,1117,64.5F,8.5
61.7,1108,64.5F,8.5
61.75,1101,64.5F,8.5
61.8,1099,64.5F,8.5
61.85,1096,64.5F,8.5
61.9,1093,64.5F,8.5
61.95,1087,64.5F,8.5
62,1087,64.5F,8.5
62.05,1087,64.5F,8.5
62.1,1085,64.5F,8.5
62.15,1082,64.5F,8.5
62.2,1070,64.5F,8.5
62.25,1056,64.5F,8.5
62.3,1048,64.5F,8.5
62.35,1043,64.5F,8.5
62.4,1037,64.5F,8.5
62.45,1035,64.5F,8.5
62.5,1031,64.5F,8.5
62.55,1025,64.5F,8.5
62.6,1020,64.5F,8.5
62.65,1014,64.5F,8.5
62.7,1009,64.5F,8.5
62.75,1002,64.5F,8.5
62.8,997,64.5F,8.5
62.85,991,64.5F,8.5
62.9,992,64.4F,8.5
62.95,989,64.4F,8.5
63,984,64.5F,8.5
63.05,975,64.5F,8.5
63.1,969,64.5F,8.5
63.15,965,64.5F,8.5
63.2,960,64.5F,8.5
63.25,953,64.4F,8.5
63.3,948,64.4F,8.5
63.35,941,64.5F,8.5
63.4,936,64.5F,8.5
63.45,935,64.4F,8.5
63.5,930,64.5F,8.5
63.55,924,64.4F,8.5
63.6,916,64.5F,8.5
63.65,914,64.4F,8.5
63.7,910,64.5F,8.5
63.75,907,64.5F,8.5
63.8,901,64.4F,8.5
63.85,893,64.4F,8.5
63.9,888,64.5F,8.5
63.95,883,64.4F,8.5
64,878,64.4F,8.5
64.05,878,64.4F,8.5
64.1,881,64.4F,8.5
64.15,879,64.4F,8.5
64.2,868,64.4F,8.5
64.25,856,64.4F,8.5
64.3,852,64.4F,8.5
64.35,843,64.4F,8.5
64.4,841,64.4F,8.5
64.45,838,64.4F,8.5
64.5,834,64.4F,8.5
64.55,827,64.4F,8.5
64.6,820,64.4F,8.5
64.65,822,64.4F,8.5
64.7,817,64.4F,8.5
64.75,809,64.4F,8.5
64.8,802,64.4F,8.5
64.85,797,64.4F,8.5
64.9,790,64.4F,8.5
64.95,787,64.4F,8.5
65,786,64.4F,8.5
65.05,781,64.4F,8.5
65.1,773,64.4F,8.5
65.15,764,64.4F,8.5
65.2,758,64.4F,8.5
65.25,753,64.4F,8.5
65.3,748,64.4F,8.5
65.35,743,64.4F,8.5
65.4,738,64.4F,8.5
65.45,734,64.4F,8.5
65.5,729,64.4F,8.5
65.55,724,64.4F,8.5
65.6,719,64.4F,8.5
65.65,723,64.4F,8.5
65.7,725,64.4F,8.5
65.75,728,64.4F,8.5
65.8,733,64.4F,8.5
65.85,732,64.4F,8.5
65.9,730,64.4F,8.5
65.95,730,64.4F,8.5
66,727,64.4F,8.5
66.05,720,64.4F,8.5
66.1,708,64.4F,8.5
66.15,697,64.4F,8.5
66.2,689,64.4F,8.5
66.25,669,64.4F,8.5
66.3,667,64.4F,8.5
66.35,658,64.4F,8.5
66.4,652,64.4F,8.5
66.45,640,64.4F,8.5
66.5,640,64.4F,8.5
66.55,643,64.4F,8.5
66.6,644,64.4F,8.5
66.65,647,64.4F,8.5
66.7,633,64.4F,8.5
66.75,623,64.4F,8.5
66.8,614,64.4F,8.5
66.85,618,64.4F,8.5
66.9,615,64.4F,8.5
66.95,619,64.4F,8.5
67,635,64.4F,8.5
67.05,618,64.4F,8.5
67.1,613,64.4F,8.5
67.15,595,64.4F,8.5
67.2,594,64.4F,8.5
67.25,587,64.4F,8.5
67.3,583,64.4F,8.5
67.35,585,64.4F,8.5
67.4,592,64.4F,8.5
67.45,583,64.4F,8.5
67.5,570,64.4F,8.5
67.55,556,64.4F,8.5
67.6,551,64.4F,8.5
67.65,548,64.4F,8.5
67.7,547,64.4F,8.5
67.75,543,64.4F,8.5
67.8,541,64.4F,8.5
67.85,546,64.4F,8.5
67.9,549,64.4F,8.5
67.95,555,64.4F,8.5
68,564,64.4F,8.5
68.05,557,64.4F,8.5
68.1,557,64.4F,8.5
68.15,535,64.4F,8.5
68.2,509,64.4F,8.5
68.25,525,64.4F,8.5
68.3,553,64.4F,8.5
68.35,516,64.4F,8.5
68.4,496,64.4F,8.5
68.45,497,64.4F,8.5
68.5,484,64.4F,8.5
68.55,499,64.4F,8.5
68.6,529,64.4F,8.5
68.65,488,64.4F,8.5
68.7,465,64.4F,8.5
68.75,458,64.4F,8.5
68.8,455,64.4F,8.5
68.85,457,64.4F,8.5
68.9,458,64.4F,8.5
68.95,452,64.4F,8.5
69,444,64.4F,8.5
69.05,450,64.4F,8.5
69.1,449,64.4F,8.5
69.15,443,64.4F,8.5
69.2,438,64.4F,8.5
69.25,434,64.4F,8.5
69.3,432,64.4F,8.5
69.35,431,64.4F,8.5
69.4,434,64.4F,8.5
69.45,434,64.4F,8.5
69.5,431,64.4F,8.5
69.55,434,64.4F,8.5
69.6,433,64.4F,8.5
69.65,445,64.4F,8.5
69.7,442,64.4F,8.5
69.75,435,64.4F,8.5
69.8,440,64.4F,8.5
69.85,436,64.4F,8.5
69.9,428,64.4F,8.5
69.95,425,64.4F,8.5
70,422,64.4F,8.5
70.05,420,64.4F,8.5
70.1,424,64.4F,8.5
70.15,423,64.4F,8.5
70.2,423,64.4F,8.5
70.25,420,64.4F,8.5
70.3,422,64.4F,8.5
70.35,421,64.4F,8.5
70.4,420,64.4F,8.5
70.45,420,64.4F,8.5
70.5,419,64.4F,8.5
70.55,417,64.4F,8.5
70.6,416,64.4F,8.5
70.65,415,64.4F,8.5
70.7,416,64.4F,8.5
70.75,416,64.4F,8.5
70.8,414,64.4F,8.5
70.85,415,64.4F,8.5
70.9,413,64.4F,8.5
70.95,412,64.4F,8.5
71,413,64.4F,8.5
71.05,412,64.4F,8.5
71.1,409,64.4F,8.5
71.15,409,64.4F,8.5
71.2,406,64.4F,8.5
71.25,406,64.4F,8.5
71.3,404,64.4F,8.5
71.35,402,64.4F,8.5
71.4,403,64.4F,8.5
71.45,404,64.4F,8.5
71.5,401,64.4F,8.5
71.55,399,64.4F,8.5
71.6,400,64.4F,8.5
71.65,399,64.4F,8.5
71.7,399,64.4F,8.5
71.75,399,64.4F,8.5
71.8,399,64.4F,8.5
71.85,398,64.4F,8.5
71.9,399,64.4F,8.5
71.95,395,64.4F,8.5
72,395,64.4F,8.5
72.05,396,64.4F,8.5
72.1,395,64.4F,8.5
72.15,394,64.4F,8.5
72.2,395,64.4F,8.5
72.25,395,64.4F,8.5
72.3,394,64.4F,8.5
72.35,394,64.4F,8.5
72.4,393,64.4F,8.5
72.45,393,64.4F,8.5
72.5,394,64.4F,8.5
72.55,397,64.4F,8.5
72.6,396,64.4F,8.5
72.65,397,64.4F,8.5
72.7,394,64.4F,8.5
72.75,395,64.4F,8.5
72.8,393,64.4F,8.5
72.85,392,64.4F,8.5
72.9,390,64.4F,8.5
72.95,390,64.4F,8.5
73,390,64.4F,8.5
73.05,388,64.4F,8.5
73.1,386,64.4F,8.5
73.15,385,64.4F,8.5
73.2,384,64.4F,8.5
73.25,382,64.4F,8.5
73.3,381,64.4F,8.5
73.35,378,64.4F,8.5
73.4,380,64.4F,8.5
73.45,380,64.4F,8.5
73.5,377,64.4F,8.5
73.55,376,64.4F,8.5
73.6,378,64.4F,8.5
73.65,376,64.4F,8.5
73.7,377,64.4F,8.5
73.75,375,64.4F,8.5
73.8,374,64.4F,8.5
73.85,372,64.4F,8.5
73.9,370,64.4F,8.5
73.95,368,64.4F,8.5
74,368,64.4F,8.5
74.05,369,64.4F,8.5
74.1,367,64.4F,8.5
74.15,365,64.4F,8.5
74.2,364,64.4F,8.5
74.25,365,64.4F,8.5
74.3,363,64.4F,8.5
74.35,364,64.4F,8.5
74.4,361,64.4F,8.5
74.45,360,64.4F,8.5
74.5,359,64.4F,8.5
74.55,359,64.4F,8.5
74.6,359,64.4F,8.5
74.65,357,64.4F,8.5
74.7,358,64.4F,8.5
74.75,356,64.4F,8.5
74.8,356,64.4F,8.5
74.85,356,64.4F,8.5
74.9,354,64.4F,8.5
74.95,354,64.4F,8.5
75,353,64.4F,8.5
75.05,353,64.4F,8.5
75.1,352,64.4F,8.5
75.15,352,64.4F,8.5
75.2,352,64.4F,8.5
75.25,350,64.4F,8.5
75.3,352,64.4F,8.5
75.35,351,64.4F,8.5
75.4,350,64.4F,8.5
75.45,349,64.4F,8.5
75.5,349,64.4F,8.5
75.55,349,64.4F,8.5
75.6,348,64.4F,8.5
75.65,347,64.4F,8.5
75.7,347,64.4F,8.5
75.75,346,64.4F,8.5
75.8,346,64.4F,8.5
75.85,346,64.4F,8.5
75.9,345,64.4F,8.5
75.95,346,64.4F,8.5
76,344,64.4F,8.5
76.05,342,64.3F,8.5
76.1,341,64.4F,8.5
76.15,341,64.4F,8.5
76.2,340,64.4F,8.5
76.25,338,64.4F,8.5
76.3,339,64.4F,8.5
76.35,337,64.4F,8.5
76.4,336,64.4F,8.5
76.45,335,64.4F,8.5
76.5,335,64.4F,8.5
76.55,334,64.4F,8.5
76.6,335,64.4F,8.5
76.65,334,64.4F,8.5
76.7,332,64.4F,8.5
76.75,331,64.4F,8.5
76.8,331,64.4F,8.5
76.85,330,64.4F,8.5
76.9,328,64.4F,8.5
76.95,328,64.4F,8.5
77,329,64.4F,8.5
77.05,328,64.3F,8.5
77.1,327,64.4F,8.5
77.15,327,64.4F,8.5
77.2,325,64.4F,8.5
77.25,325,64.4F,8.5
77.3,325,64.3F,8.5
77.35,323,64.4F,8.5
77.4,322,64.3F,8.5
77.45,323,64.4F,8.5
77.5,323,64.3F,8.5
77.55,321,64.4F,8.5
77.6,321,64.4F,8.5
77.65,322,64.3F,8.5
77.7,318,64.3F,8.5
77.75,317,64.3F,8.5
77.8,317,64.4F,8.5
77.85,315,64.3F,8.5
77.9,317,64.4F,8.5
77.95,315,64.4F,8.5
78,313,64.4F,8.5
78.05,313,64.4F,8.5
78.1,312,64.4F,8.5
78.15,311,64.4F,8.5
78.2,309,64.4F,8.5
78.25,309,64.4F,8.5
78.3,309,64.3F,8.5
78.35,307,64.4F,8.5
78.4,306,64.4F,8.5
78.45,306,64.3F,8.5
78.5,304,64.4F,8.5
78.55,304,64.4F,8.5
78.6,302,64.4F,8.5
78.65,302,64.4F,8.5
78.7,302,64.3F,8.5
78.75,301,64.3F,8.5
78.8,300,64.4F,8.5
78.85,298,64.3F,8.5
78.9,298,64.4F,8.5
78.95,297,64.4F,8.5
79,296,64.4F,8.5
79.05,296,64.3F,8.5
79.1,295,64.4F,8.5
79.15,293,64.3F,8.5
79.2,293,64.4F,8.5
79.25,291,64.4F,8.5
79.3,291,64.4F,8.5
79.35,291,64.3F,8.5
79.4,291,64.3F,8.5
79.45,289,64.3F,8.5
79.5,289,64.4F,8.5
79.55,289,64.3F,8.5
79.6,287,64.4F,8.5
79.65,286,64.3F,8.5
79.7,286,64.3F,8.5
79.75,284,64.4F,8.5
79.8,284,64.4F,8.5
79.85,283,64.3F,8.5
79.9,283,64.3F,8.5
79.95,283,64.3F,8.5
80,282,64.4F,8.5
80.05,280,64.4F,8.5
80.1,280,64.4F,8.5
80.15,279,64.4F,8.5
80.2,277,64.4F,8.5
80.25,277,64.4F,8.5
80.3,279,64.3F,8.5
80.35,277,64.3F,8.5
80.4,276,64.3F,8.5
80.45,275,64.4F,8.5
80.5,275,64.3F,8.5
80.55,275,64.3F,8.5
80.6,274,64.3F,8.5
80.65,273,64.3F,8.5
80.7,271,64.3F,8.5
80.75,271,64.4F,8.5
80.8,271,64.3F,8.5
80.85,271,64.3F,8.5
80.9,268,64.3F,8.5
80.95,267,64.4F,8.5
81,267,64.4F,8.5
81.05,266,64.4F,8.5
81.1,266,64.3F,8.5
81.15,264,64.4F,8.5
81.2,263,64.3F,8.5
81.25,262,64.3F,8.5
81.3,261,64.3F,8.5
81.35,261,64.3F,8.5
81.4,258,64.4F,8.5
81.45,258,64.4F,8.5
81.5,259,64.3F,8.5
81.55,258,64.4F,8.5
81.6,256,64.3F,8.5
81.65,255,64.4F,8.5
81.7,254,64.3F,8.5
81.75,254,64.3F,8.5
81.8,252,64.3F,8.5
81.85,253,64.3F,8.5
81.9,250,64.4F,8.5
81.95,251,64.3F,8.5
82,250,64.3F,8.5
82.05,249,64.3F,8.5
82.1,249,64.3F,8.5
82.15,248,64.4F,8.5
82.2,248,64.4F,8.5
82.25,245,64.4F,8.5
82.3,246,64.3F,8.5
82.35,246,64.3F,8.5
82.4,245,64.3F,8.5
82.45,242,64.4F,8.5
82.5,244,64.4F,8.5
82.55,242,64.4F,8.5
82.6,242,64.3F,8.5
82.65,240,64.4F,8.5
82.7,239,64.3F,8.5
82.75,239,64.4F,8.5
82.8,238,64.4F,8.5
82.85,238,64.3F,8.5
82.9,237,64.3F,8.5
82.95,235,64.3F,8.5
83,235,64.4F,8.5
83.05,233,64.4F,8.5
83.1,232,64.4F,8.5
83.15,233,64.3F,8.5
83.2,232,64.4F,8.5
83.25,230,64.4F,8.5
83.3,230,64.3F,8.5
83.35,227,64.3F,8.5
83.4,228,64.4F,8.5
83.45,228,64.3F,8.5
83.5,225,64.4F,8.5
83.55,225,64.3F,8.5
83.6,224,64.3F,8.5
83.65,224,64.4F,8.5
83.7,223,64.3F,8.5
83.75,223,64.4F,8.5
83.8,221,64.3F,8.5
83.85,219,64.3F,8.5
83.9,219,64.4F,8.5
83.95,217,64.3F,8.5
84,217,64.3F,8.5
84.05,217,64.3F,8.5
84.1,216,64.4F,8.5
84.15,216,64.3F,8.5
84.2,215,64.3F,8.5
84.25,215,64.3F,8.5
84.3,213,64.3F,8.5
84.35,213,64.3F,8.5
84.4,212,64.3F,8.5
84.45,212,64.3F,8.5
84.5,212,64.3F,8.5
84.55,210,64.4F,8.5
84.6,210,64.3F,8.5
84.65,207,64.3F,8.5
84.7,209,64.3F,8.5
84.75,208,64.3F,8.5
84.8,207,64.3F,8.5
84.85,207,64.3F,8.5
84.9,207,64.3F,8.5
84.95,206,64.3F,8.5
85,206,64.3F,8.5
85.05,205,64.3F,8.5
85.1,204,64.3F,8.5
85.15,202,64.3F,8.5
85.2,202,64.3F,8.5
85.25,201,64.3F,8.5
85.3,201,64.3F,8.5
85.35,200,64.4F,8.5
85.4,200,64.3F,8.5
85.45,199,64.3F,8.5
85.5,198,64.3F,8.5
85.55,196,64.3F,8.5
85.6,197,64.3F,8.5
85.65,194,64.3F,8.5
85.7,195,64.3F,8.5
85.75,194,64.3F,8.5
85.8,194,64.3F,8.5
85.85,194,64.3F,8.5
85.9,191,64.3F,8.5
85.95,192,64.3F,8.5
86,192,64.3F,8.5
86.05,192,64.3F,8.5
86.1,190,64.3F,8.5
86.15,191,64.3F,8.5
86.2,188,64.3F,8.5
86.25,187,64.3F,8.5
86.3,187,64.3F,8.5
86.35,188,64.3F,8.5
86.4,185,64.3F,8.5
86.45,186,64.3F,8.5
86.5,185,64.3F,8.5
86.55,183,64.3F,8.5
86.6,182,64.3F,8.5
86.65,182,64.3F,8.5
86.7,181,64.3F,8.5
86.75,181,64.3F,8.5
86.8,180,64.3F,8.5
86.85,179,64.3F,8.5
86.9,178,64.3F,8.5
86.95,178,64.3F,8.5
87,177,64.3F,8.5
87.05,176,64.3F,8.5
87.1,176,64.3F,8.5
87.15,175,64.3F,8.5
87.2,173,64.3F,8.5
87.25,172,64.3F,8.5
87.3,171,64.3F,8.5
87.35,170,64.3F,8.5
87.4,169,64.3F,8.5
87.45,169,64.3F,8.5
87.5,167,64.3F,8.5
87.55,167,64.3F,8.5
87.6,165,64.3F,8.5
87.65,165,64.3F,8.5
87.7,165,64.3F,8.5
87.75,165,64.3F,8.5
87.8,163,64.3F,8.5
87.85,162,64.3F,8.5
87.9,161,64.3F,8.5
87.95,160,64.3F,8.5
88,162,64.3F,8.5
88.05,161,64.3F,8.5
88.1,161,64.3F,8.5
88.15,159,64.3F,8.5
88.2,159,64.3F,8.5
88.25,157,64.3F,8.5
88.3,158,64.3F,8.5
88.35,156,64.3F,8.5
88.4,155,64.3F,8.5
88.45,157,64.3F,8.5
88.5,156,64.3F,8.5
88.55,155,64.3F,8.5
88.6,154,64.3F,8.5
88.65,154,64.3F,8.5
88.7,150,64.3F,8.5
88.75,149,64.3F,8.5
88.8,151,64.3F,8.5
88.85,149,64.3F,8.5
88.9,148,64.3F,8.5
88.95,147,64.3F,8.5
89,147,64.3F,8.5
89.05,147,64.3F,8.5
89.1,145,64.3F,8.5
89.15,145,64.3F,8.5
89.2,142,64.3F,8.5
89.25,142,64.3F,8.5
89.3,142,64.3F,8.5
89.35,140,64.3F,8.5
89.4,141,64.3F,8.5
89.45,138,64.3F,8.5
89.5,138,64.3F,8.5
89.55,137,64.3F,8.5
89.6,136,64.3F,8.5
89.65,136,64.3F,8.5
89.7,134,64.3F,8.5
89.75,136,64.3F,8.5
89.8,134,64.3F,8.5
89.85,132,64.3F,8.5
89.9,130,64.3F,8.5
89.95,132,64.3F,8.5
90,129,64.3F,8.5
90.05,129,64.3F,8.5
90.1,128,64.3F,8.5
90.15,126,64.3F,8.5
90.2,127,64.3F,8.5
90.25,125,64.3F,8.5
90.3,125,64.3F,8.5
90.35,125,64.3F,8.5
90.4,125,64.3F,8.5
90.45,124,64.3F,8.5
90.5,122,64.3F,8.5
90.55,122,64.3F,8.5
90.6,121,64.3F,8.5
90.65,120,64.3F,8.5
90.7,120,64.3F,8.5
90.75,119,64.3F,8.5
90.8,118,64.3F,8.5
90.85,117,64.3F,8.5
90.9,117,64.3F,8.5
90.95,117,64.3F,8.5
91,116,64.3F,8.5
91.05,116,64.3F,8.5
91.1,115,64.3F,8.5
91.15,114,64.3F,8.5
91.2,113,64.3F,8.5
91.25,111,64.3F,8.5
91.3,112,64.3F,8.5
91.35,110,64.3F,8.5
91.4,111,64.3F,8.5
91.45,110,64.3F,8.5
91.5,109,64.3F,8.5
91.55,109,64.3F,8.5
91.6,107,64.3F,8.5
91.65,107,64.3F,8.5
91.7,106,64.3F,8.5
91.75,105,64.3F,8.5
91.8,105,64.3F,8.5
91.85,104,64.3F,8.5
91.9,103,64.3F,8.5
91.95,102,64.3F,8.5
92,101,64.3F,8.5
92.05,101,64.3F,8.5
92.1,100,64.3F,8.5
92.15,98,64.3F,8.5
92.2,98,64.3F,8.5
92.25,99,64.3F,8.5
92.3,96,64.3F,8.5
92.35,98,64.3F,8.5
92.4,96,64.3F,8.5
92.45,96,64.3F,8.5
92.5,96,64.3F,8.5
92.55,95,64.3F,8.5
92.6,93,64.3F,8.5
92.65,92,64.3F,8.5
92.7,93,64.3F,8.5
92.75,92,64.3F,8.5
92.8,90,64.3F,8.5
92.85,89,64.3F,8.5
92.9,89,64.3F,8.5
92.95,88,64.3F,8.5
93,87,64.3F,8.5
93.05,87,64.3F,8.5
93.1,86,64.3F,8.5
93.15,86,64.3F,8.5
93.2,84,64.3F,8.5
93.25,84,64.3F,8.5
93.3,82,64.3F,8.5
93.35,82,64.3F,8.5
93.4,81,64.3F,8.5
93.45,82,64.3F,8.5
93.5,80,64.3F,8.5
93.55,79,64.3F,8.5
93.6,79,64.3F,8.5
93.65,79,64.3F,8.5
93.7,77,64.3F,8.5
93.75,77,64.3F,8.5
93.8,74,64.3F,8.5
93.85,75,64.3F,8.5
93.9,75,64.3F,8.5
93.95,74,64.3F,8.5
94,75,64.3F,8.5
94.05,72,64.3F,8.5
94.1,72,64.3F,8.5
94.15,72,64.3F,8.5
94.2,71,64.3F,8.5
94.25,69,64.3F,8.5
94.3,69,64.3F,8.5
94.35,68,64.3F,8.5
94.4,68,64.3F,8.5
94.45,68,64.3F,8.5
94.5,67,64.3F,8.5
94.55,66,64.3F,8.5
94.6,64,64.3F,8.5
94.65,65,64.3F,8.5
94.7,63,64.3F,8.5
94.75,62,64.3F,8.5
94.8,62,64.3F,8.5
94.85,59,64.3F,8.5
94.9,58,64.3F,8.5
94.95,59,64.3F,8.5
95,57,64.3F,8.5
95.05,58,64.3F,8.5
95.1,55,64.3F,8.5
95.15,54,64.3F,8.5
95.2,56,64.3F,8.5
95.25,55,64.3F,8.5
95.3,55,64.3F,8.5
95.35,54,64.3F,8.5
95.4,53,64.3F,8.5
95.45,52,64.3F,8.5
95.5,51,64.3F,8.5
95.55,52,64.3F,8.5
95.6,50,64.3F,8.5
95.65,50,64.3F,8.5
95.7,49,64.3F,8.5
95.75,48,64.3F,8.5
95.8,47,64.3F,8.5
95.85,46,64.3F,8.5
95.9,46,64.3F,8.5
95.95,47,64.3F,8.5
96,44,64.3F,8.5
96.05,44,64.3F,8.5
96.1,43,64.3F,8.5
96.15,43,64.3F,8.5
96.2,41,64.3F,8.5
96.25,40,64.3F,8.5
96.3,40,64.3F,8.5
96.35,38,64.3F,8.5
96.4,37,64.3F,8.5
96.45,38,64.3F,8.5
96.5,37,64.3F,8.5
96.55,37,64.3F,8.5
96.6,35,64.3F,8.5
96.65,35,64.3F,8.5
96.7,34,64.3F,8.5
96.75,35,64.3F,8.5
96.8,33,64.3F,8.5
96.85,32,64.3F,8.5
96.9,32,64.3F,8.5
96.95,30,64.3F,8.5
97,31,64.3F,8.5
97.05,30,64.3F,8.5
97.1,30,64.3F,8.5
97.15,29,64.3F,8.5
97.2,29,64.3F,8.5
97.25,27,64.3F,8.5
97.3,27,64.3F,8.5
97.35,26,64.3F,8.5
97.4,25,64.3F,8.5
97.45,24,64.3F,8.5
97.5,24,64.3F,8.5
97.55,24,64.3F,8.5
97.6,22,64.3F,8.5
97.65,21,64.3F,8.5
97.7,21,64.3F,8.5
97.75,21,64.3F,8.5
97.8,19,64.3F,8.5
97.85,20,64.3F,8.5
97.9,18,64.3F,8.5
97.95,17,64.3F,8.5
98,17,64.3F,8.5
98.05,17,64.3F,8.5
98.1,16,64.3F,8.5
98.15,15,64.3F,8.5
98.2,15,64.3F,8.5
98.25,14,64.3F,8.5
98.3,13,64.3F,8.5
98.35,13,64.3F,8.5
98.4,12,64.3F,8.5
98.45,11,64.3F,8.5
98.5,12,64.3F,8.5
98.55,10,64.3F,8.5
98.6,10,64.3F,8.5
98.65,10,64.3F,8.5
98.7,8,64.3F,8.5
98.75,8,64.3F,8.5
98.8,7,64.3F,8.5
98.85,7,64.3F,8.5
98.9,6,64.3F,8.5
98.95,6,64.3F,8.5
99,5,64.3F,8.5
99.05,3,64.3F,8.5
99.1,3,64.3F,8.5
99.15,4,64.3F,8.5
99.2,2,64.3F,8.5
99.25,2,64.3F,8.5
99.3,3,64.3F,8.5
99.35,1,64.3F,8.5
99.4,0,64.3F,8.5
99.45,0,64.3F,8.5
99.5,-1,64.3F,8.5
99.55,0,64.3F,8.5
99.6,-2,64.3F,8.5
99.65,-3,64.3F,8.5
99.7,-4,64.3F,8.5
99.75,-3,64.3F,8.5
99.8,-4,64.3F,8.5
99.85,-6,64.3F,8.5
99.9,-4,64.3F,8.5
99.95,-6,64.3F,8.5
100,-6,64.3F,8.5
100.05,-6,64.3F,8.5
100.1,-8,64.3F,8.5
100.15,-7,64.3F,8.5
100.2,-7,64.3F,8.5
100.25,-7,64.3F,8.5
100.3,-9,64.3F,8.5
100.35,-9,64.3F,8.5
100.4,-10,64.3F,8.5
100.45,-11,64.3F,8.5
100.5,-12,64.3F,8.5
100.55,-11,64.3F,8.6
100.6,-12,64.3F,8.5
100.65,-12,64.3F,8.5
100.7,-13,64.3F,8.5
100.75,-13,64.3F,8.5
100.8,-13,64.3F,8.5
100.85,-13,64.3F,8.5
100.9,-14,64.3F,8.5
100.95,-14,64.3F,8.5
101,-14,64.3F,8.5
101.05,-15,64.3F,8.5
101.1,-16,64.3F,8.5
101.15,-16,64.3F,8.5
101.2,-17,64.3F,8.5
101.25,-18,64.3F,8.5
101.3,-18,64.3F,8.5
101.35,-18,64.3F,8.5
101.4,-18,64.3F,8.5
101.45,-20,64.3F,8.5
101.5,-19,64.3F,8.5
101.55,-18,64.3F,8.5
101.6,-19,64.3F,8.5
101.65,-19,64.3F,8.5
101.7,-20,64.3F,8.5
101.75,-20,64.3F,8.5
101.8,-20,64.3F,8.5
101.85,-20,64.3F,8.5
101.9,-21,64.3F,8.5
101.95,-21,64.3F,8.5
102,-20,64.3F,8.5
102.05,-23,64.3F,8.5
102.1,-21,64.3F,8.6
102.15,-22,64.3F,8.5
102.2,-22,64.3F,8.5
102.25,-19,64.3F,8.5
102.3,-21,64.3F,8.5
102.35,-21,64.3F,8.5
102.4,-20,64.3F,8.5
102.45,-21,64.3F,8.5
102.5,-22,64.3F,8.5
102.55,-21,64.3F,8.5
102.6,-22,64.3F,8.5
102.65,-22,64.3F,8.5
102.7,-20,64.3F,8.5
102.75,-22,64.3F,8.5
102.8,-22,64.3F,8.5
102.85,-21,64.3F,8.5
102.9,-23,64.3F,8.5
102.95,-22,64.3F,8.5
103,-20,64.3F,8.5
103.05,-22,64.3F,8.5
103.1,-21,64.3F,8.5
103.15,-22,64.3F,8.5
103.2,-21,64.3F,8.5
103.25,-21,64.3F,8.5
103.3,-20,64.3F,8.5
103.35,-22,64.3F,8.5
103.4,-20,64.3F,8.5
103.45,-21,64.3F,8.5
103.5,-21,64.3F,8.5
103.55,-21,64.3F,8.5
103.6,-20,64.3F,8.5
103.65,-21,64.3F,8.5
103.7,-21,64.3F,8.5
103.75,-21,64.3F,8.5
103.8,-20,64.3F,8.5
103.85,-20,64.3F,8.5
103.9,-20,64.3F,8.5
103.95,-21,64.3F,8.5
104,-21,64.3F,8.5
104.05,-21,64.3F,8.5
104.1,-21,64.3F,8.5
104.15,-20,64.3F,8.5
104.2,-21,64.3F,8.5
104.25,-21,64.3F,8.5
104.3,-21,64.3F,8.5
104.35,-22,64.3F,8.5
104.4,-22,64.3F,8.5
104.45,-22,64.3F,8.5
104.5,-21,64.3F,8.5
104.55,-21,64.3F,8.5
104.6,-22,64.3F,8.5
104.65,-21,64.3F,8.5
104.7,-21,64.3F,8.5
104.75,-21,64.3F,8.5
104.8,-21,64.3F,8.5
104.85,-21,64.3F,8.5
104.9,-19,64.3F,8.5
104.95,-23,64.3F,8.5
105,-22,64.3F,8.5
105.05,-22,64.3F,8.5
105.1,-21,64.3F,8.5
105.15,-22,64.3F,8.5
105.2,-22,64.3F,8.5
105.25,-21,64.3F,8.5
105.3,-21,64.3F,8.6
105.35,-21,64.3F,8.5
105.4,-20,64.3F,8.6
105.45,-21,64.3F,8.5
105.5,-22,64.3F,8.5
105.55,-21,64.3F,8.5
105.6,-21,64.3F,8.5
105.65,-21,64.3F,8.5
105.7,-21,64.3F,8.5
105.75,-21,64.3F,8.5
105.8,-22,64.3F,8.5
105.85,-22,64.3F,8.5
105.9,-22,64.3F,8.5
105.95,-22,64.3F,8.5
106,-22,64.3F,8.5
106.05,-23,64.3F,8.5
106.1,-20,64.3F,8.5
106.15,-23,64.3F,8.5
106.2,-21,64.3F,8.5
106.25,-23,64.3F,8.5
106.3,-20,64.3F,8.5
106.35,-22,64.3F,8.5
106.4,-21,64.3F,8.5
106.45,-22,64.3F,8.5
106.5,-22,64.3F,8.5
106.55,-22,64.3F,8.5
106.6,-22,64.3F,8.5
106.65,-24,64.3F,8.5
106.7,-22,64.3F,8.5
106.75,-21,64.3F,8.5
106.8,-23,64.3F,8.5
106.85,-21,64.3F,8.6
106.9,-22,64.3F,8.5
106.95,-22,64.3F,8.5
107,-22,64.3F,8.5
107.05,-22,64.3F,8.5
107.1,-22,64.3F,8.5
107.15,-22,64.3F,8.5
107.2,-22,64.3F,8.5
107.25,-21,64.3F,8.6
107.3,-22,64.3F,8.5
107.35,-23,64.3F,8.5
107.4,-22,64.3F,8.5
107.45,-22,64.3F,8.5
107.5,-21,64.3F,8.5
107.55,-22,64.3F,8.5
107.6,-22,64.3F,8.5
107.65,-21,64.3F,8.5
107.7,-22,64.3F,8.5
107.75,-21,64.3F,8.5
107.8,-20,64.3F,8.5
107.85,-20,64.3F,8.5
107.9,-22,64.3F,8.5
107.95,-21,64.3F,8.5