0,-1.84,9.53,58.35
0.01,1.93,10.1,57.37
0.02,-0.08,10.68,58.84
0.02,-0.08,10.68,58.84
0.03,0.92,11.26,55.41
0.04,1.43,11.84,59.33
0.05,5.28,12.43,58.35
0.06,-1.68,13.01,59.82
0.07,4.03,13.61,59.33
0.08,1.68,14.2,59.82
0.09,0.59,14.8,60.31
0.1,2.52,15.4,58.35
0.11,3.94,16,59.82
0.12,4.19,16.6,60.8
0.13,3.27,17.21,61.78
0.14,3.02,17.83,62.27
0.15,2.26,18.45,62.76
0.16,2.1,19.07,62.27
0.17,5.7,19.7,63.25
0.18,5.45,20.33,62.76
0.19,3.94,20.96,62.27
0.2,3.27,21.6,64.23
0.21,5.12,22.24,63.74
0.22,5.12,22.88,64.72
0.23,6.21,23.53,65.7
0.24,6.21,24.19,66.69
0.25,6.63,24.85,66.69
0.26,5.12,25.5,65.21
0.27,6.63,26.16,65.21
0.28,6.79,26.82,65.7
0.29,6.37,27.48,66.19
0.3,8.05,28.15,66.69
0.31,6.29,28.81,66.69
0.32,7.38,29.48,67.18
0.33,8.81,30.15,67.18
0.34,8.72,30.83,68.16
0.34,8.72,30.83,68.16
0.35,8.72,31.51,67.67
0.36,8.89,32.19,68.65
0.37,10.15,32.88,68.65
0.38,9.81,33.56,69.14
0.39,9.48,34.25,69.14
0.4,9.98,34.94,69.14
0.41,10.4,35.64,69.14
0.42,10.23,36.33,68.65
0.43,10.99,37.02,70.12
0.44,12.67,37.72,70.12
0.45,12.75,38.42,70.12
0.46,11.74,39.13,71.1
0.47,13.34,39.84,70.61
0.48,12.5,40.54,70.61
0.49,14.35,41.26,71.59
0.5,13,41.97,71.1
0.51,13.84,42.68,71.59
0.52,14.09,43.4,71.59
0.53,14.77,44.12,72.57
0.54,15.44,44.84,72.57
0.55,16.7,45.56,72.08
0.56,17.12,46.29,72.08
0.57,16.36,47.01,72.57
0.58,18.13,47.74,73.55
0.59,18.97,48.47,72.08
0.6,18.8,49.2,73.55
0.61,18.71,49.93,72.57
0.62,19.22,50.67,74.04
0.63,20.98,51.4,74.04
0.64,20.48,52.14,74.04
0.65,22.33,52.89,75.02
0.66,22.16,53.63,74.53
0.66,22.16,53.63,74.53
0.67,21.74,54.38,75.02
0.68,21.4,55.13,75.02
0.69,23.33,55.88,74.53
0.7,24.85,56.62,74.04
0.71,23.5,57.37,75.51
0.72,26.61,58.12,75.02
0.73,25.77,58.88,75.51
0.74,27.12,59.63,75.51
0.75,27.28,60.39,76
0.76,27.54,61.15,76.98
0.77,27.79,61.91,75.51
0.78,29.39,62.67,75.02
0.79,29.81,63.43,76
0.8,30.73,64.18,76
0.81,31.57,64.94,76
0.82,30.98,65.7,76
0.83,31.99,66.47,76
0.84,32.75,67.23,76.49
0.85,32.41,67.99,76.98
0.86,33.93,68.76,76
0.87,32.92,69.52,76
0.88,34.6,70.29,77.47
0.89,35.61,71.06,77.96
0.9,35.61,71.84,76.98
0.91,36.03,72.61,77.47
0.92,36.37,73.39,78.45
0.93,38.3,74.17,77.47
0.94,38.22,74.94,77.96
0.95,38.55,75.72,77.47
0.96,39.56,76.5,76.98
0.97,39.4,77.27,77.96
0.98,40.15,78.05,77.47
0.98,40.15,78.05,77.47
0.99,41.42,78.83,77.96
1,41.84,79.61,78.94
1.01,43.27,80.39,77.96
1.02,44.45,81.17,77.96
1.03,45.12,81.95,78.45
1.04,45.54,82.74,77.47
1.05,45.04,83.52,78.94
1.06,47.48,84.31,78.94
1.07,48.57,85.1,78.94
1.08,48.99,85.88,79.43
1.09,48.66,86.67,78.45
1.1,51.02,87.46,77.96
1.11,51.35,88.24,78.45
1.12,50.51,89.03,78.94
1.13,52.95,89.82,79.43
1.14,53.88,90.62,78.45
1.15,54.89,91.41,80.9
1.16,55.15,92.21,79.43
1.17,54.98,93.01,80.41
1.18,56.83,93.8,80.41
1.19,57.76,94.6,79.43
1.2,57.76,95.4,77.96
1.21,59.87,96.19,79.43
1.22,59.95,96.98,80.41
1.23,61.64,97.78,78.94
1.24,61.47,98.57,80.41
1.25,61.38,99.36,77.96
1.26,63.07,100.15,78.94
1.27,64.59,100.94,78.94
1.28,65.77,101.73,79.43
1.29,65.69,102.53,78.45
1.3,67.21,103.32,79.92
1.3,67.21,103.32,79.92
1.31,68.22,104.11,78.94
1.32,69.32,104.9,78.94
1.33,69.99,105.68,78.45
1.34,71.43,106.47,77.96
1.35,72.27,107.26,79.92
1.36,72.44,108.05,79.43
1.37,73.62,108.84,77.96
1.38,74.8,109.63,78.94
1.39,76.41,110.41,78.94
1.4,77.59,111.2,78.45
1.41,77.67,111.99,78.45
1.42,79.79,112.77,78.94
1.43,80.8,113.55,78.45
1.44,81.73,114.34,77.47
1.45,83,115.12,77.47
1.46,83.76,115.89,77.47
1.47,85.45,116.67,78.94
1.48,86.46,117.45,77.96
1.49,87.48,118.22,76.98
1.5,88.75,118.99,75.51
1.51,90.18,119.75,76
1.52,90.78,120.51,75.02
1.53,91.2,121.27,76.98
1.54,93.23,122.02,76
1.55,93.48,122.78,75.02
1.56,96.36,123.53,75.02
1.57,97.71,124.28,74.53
1.58,97.97,125.03,75.02
1.59,99.57,125.78,74.04
1.6,100.76,126.52,75.02
1.61,101.95,127.27,74.53
1.62,104.49,128.01,74.53
1.62,104.49,128.01,74.53
1.63,104.82,128.75,73.55
1.64,106.09,129.49,74.04
1.65,107.11,130.22,72.57
1.66,108.21,130.96,73.06
1.67,109.74,131.69,74.04
1.68,110.5,132.42,73.06
1.69,111.86,133.15,72.57
1.7,113.47,133.88,73.55
1.71,114.31,134.61,71.59
1.72,116.26,135.33,72.08
1.73,117.62,136.05,73.06
1.74,118.55,136.78,72.08
1.75,120.08,137.5,71.59
1.76,120.59,138.21,72.08
1.77,122.62,138.93,71.59
1.78,122.71,139.65,71.1
1.79,124.75,140.36,71.1
1.8,125.93,141.07,71.1
1.81,127.38,141.78,71.59
1.82,129.75,142.49,70.61
1.83,129.92,143.2,70.61
1.84,132.22,143.91,70.12
1.85,133.91,144.61,71.59
1.86,134.17,145.31,69.14
1.87,135.78,146.01,70.61
1.88,136.46,146.71,69.14
1.89,137.74,147.41,69.14
1.9,140.8,148.11,70.61
1.91,141.31,148.8,69.63
1.92,142.16,149.5,69.63
1.93,144.28,150.19,68.65
1.94,145.73,150.88,69.63
1.94,145.73,150.88,69.63
1.95,147.26,151.57,68.16
1.96,148.87,152.26,68.65
1.97,149.38,152.94,69.14
1.98,151.25,153.63,67.18
1.99,153.04,154.31,69.14
2,154.15,155,68.16
2.01,156.19,155.68,68.65
2.02,158.06,156.36,67.67
2.03,159.34,157.04,68.16
2.04,160.87,157.71,68.16
2.05,161.89,158.39,66.19
2.06,163.26,159.06,67.18
2.07,165.47,159.73,66.69
2.08,166.49,160.4,67.18
2.09,168.45,161.07,67.18
2.1,169.3,161.75,66.69
2.11,171.86,162.42,68.16
2.12,173.65,163.09,67.18
2.13,175.1,163.77,69.14
2.14,176.3,164.44,66.69
2.15,177.92,165.12,67.18
2.16,180.22,165.79,65.7
2.17,181.67,166.46,68.16
2.18,182.61,167.13,67.18
2.19,184.91,167.8,67.18
2.2,187.56,168.47,67.67
2.21,187.05,169.14,65.21
2.22,188.33,169.8,67.18
2.23,190.2,170.45,65.21
2.24,192.51,171.1,63.74
2.25,193.36,171.75,64.72
2.26,195.5,172.39,63.74
2.26,195.5,172.39,63.74
2.27,196.7,173.02,63.25
2.28,198.41,173.65,63.25
2.29,200.03,174.26,61.78
2.3,201.23,174.86,59.82
2.31,203.45,175.43,56.39
2.32,205.16,175.97,54.92
2.33,206.61,176.46,50.99
2.34,209.52,176.9,41.19
2.35,213.8,177.26,32.85
2.36,216.54,177.55,24.03
2.37,217.99,177.77,17.16
2.38,218.42,177.92,9.32
2.39,219.62,178.01,3.92
2.4,222.02,178.04,-0.49
2.41,223.56,178.05,-2.94
2.42,226.22,178.02,-4.41
2.43,228.19,177.97,-6.37
2.44,230.93,177.91,-7.35
2.45,232.05,177.84,-6.86
2.46,234.79,177.76,-8.34
2.47,235.48,177.68,-9.32
2.48,239.51,177.58,-8.83
2.49,238.65,177.48,-12.75
2.5,242.6,177.37,-11.28
2.51,244.14,177.26,-11.28
2.52,246.2,177.14,-11.77
2.53,248.61,177.02,-10.79
2.54,250.67,176.9,-14.22
2.55,252.64,176.78,-11.28
2.56,254.1,176.65,-13.24
2.57,255.74,176.52,-12.26
2.58,258.74,176.4,-13.73
2.58,258.74,176.4,-13.73
2.59,261.32,176.27,-12.26
2.6,263.39,176.13,-13.24
2.61,264.16,176,-14.22
2.62,266.48,175.86,-13.73
2.63,268.63,175.72,-14.71
2.64,270.44,175.57,-13.73
2.64,270.44,175.57,-13.73
2.65,272.42,175.43,-15.2
2.66,273.2,175.28,-14.71
2.67,274.23,175.14,-14.71
2.68,277.67,174.98,-14.71
2.69,279.91,174.83,-15.69
2.7,283.19,174.68,-15.69
2.71,284.05,174.52,-15.69
2.72,286.12,174.36,-15.69
2.73,288.44,174.21,-16.67
2.74,289.99,174.05,-15.69
2.75,291.12,173.89,-15.69
2.76,293.01,173.73,-14.71
2.77,295.6,173.57,-16.18
2.78,296.89,173.41,-16.18
2.79,298.02,173.25,-17.65
2.8,299.4,173.09,-16.67
2.81,302.59,172.92,-15.69
2.82,303.71,172.76,-14.22
2.83,305.61,172.61,-16.18
2.84,306.48,172.45,-17.16
2.85,308.29,172.28,-16.18
2.86,311.4,172.12,-15.69
2.87,312.26,171.96,-15.69
2.88,314.34,171.8,-16.67
2.89,316.5,171.64,-15.2
2.9,317.53,171.48,-17.16
2.9,317.53,171.48,-17.16
2.91,319.96,171.31,-16.67
2.92,320.73,171.15,-17.16
2.93,323.07,170.99,-14.71
2.94,325.06,170.83,-15.69
2.95,326.96,170.67,-15.69
2.96,328,170.51,-16.67
2.97,329.73,170.35,-14.71
2.98,331.98,170.2,-17.16
2.99,333.19,170.04,-16.18
3,335.79,169.88,-15.2
3.01,336.83,169.73,-14.22
3.02,339.69,169.58,-14.71
3.03,341.42,169.42,-15.69
3.04,342.9,169.27,-15.69
3.05,343.59,169.11,-17.16
3.06,345.41,168.96,-15.2
3.07,346.97,168.8,-14.22
3.08,349.22,168.65,-15.2
3.09,350.7,168.49,-15.69
3.1,351.65,168.34,-15.2
3.11,354.17,168.18,-16.67
3.12,355.47,168.03,-15.2
3.13,357.64,167.88,-15.2
3.14,359.29,167.72,-15.2
3.15,360.68,167.57,-14.71
3.16,362.59,167.43,-13.73
3.17,364.41,167.28,-15.69
3.18,365.54,167.12,-15.2
3.19,367.02,166.97,-15.69
3.2,368.67,166.82,-15.2
3.21,370.4,166.66,-16.18
3.22,372.58,166.5,-15.69
3.22,372.58,166.5,-15.69
3.23,374.05,166.35,-15.2
3.24,375.36,166.19,-16.67
3.25,377.88,166.04,-15.2
3.26,379.36,165.88,-15.2
3.27,381.62,165.73,-13.73
3.28,382.58,165.58,-14.71
3.29,383.62,165.43,-15.69
3.3,385.53,165.28,-15.2
3.31,387.97,165.13,-15.69
3.32,389.63,164.98,-14.71
3.33,391.11,164.83,-14.22
3.34,392.32,164.68,-15.2
3.35,394.59,164.53,-15.2
3.36,396.07,164.38,-15.2
3.37,397.9,164.23,-15.69
3.38,398.77,164.07,-15.69
3.39,400.08,163.92,-15.2
3.4,402.87,163.77,-14.71
3.41,405.13,163.62,-14.71
3.42,406.62,163.46,-15.2
3.43,407.92,163.31,-15.69
3.44,409.67,163.16,-15.69
3.45,410.37,163,-15.69
3.46,413.51,162.85,-15.2
3.47,414.73,162.69,-15.2
3.48,416.65,162.54,-15.69
3.49,418.13,162.39,-15.2
3.5,420.23,162.23,-15.69
3.51,422.76,162.08,-15.2
3.52,424.33,161.92,-15.2
3.53,426.08,161.77,-15.2
3.54,427.65,161.62,-16.18
3.54,427.65,161.62,-16.18
3.55,429.05,161.46,-15.2
3.56,431.67,161.31,-15.2
3.57,432.28,161.15,-15.2
3.58,434.64,160.99,-16.18
3.59,436.04,160.84,-16.18
3.6,437.27,160.68,-16.18
3.61,439.28,160.52,-15.69
3.62,440.5,160.37,-15.2
3.63,442.34,160.21,-14.71
3.64,444.62,160.06,-14.71
3.65,445.93,159.91,-15.69
3.66,447.42,159.76,-15.2
3.67,448.82,159.61,-15.2
3.68,450.22,159.46,-15.2
3.69,451.27,159.31,-14.22
3.7,452.58,159.16,-15.69
3.71,454.42,159.01,-14.71
3.72,456.35,158.86,-14.22
3.73,458.02,158.72,-14.22
3.74,459.51,158.57,-14.22
3.75,460.56,158.43,-14.71
3.76,461.79,158.28,-15.2
3.77,463.71,158.14,-14.22
3.78,464.15,157.99,-13.73
3.79,466.78,157.85,-14.71
3.8,467.4,157.71,-14.22
3.81,469.85,157.56,-14.71
3.82,471.08,157.41,-14.71
3.83,472.84,157.26,-14.71
3.84,475.82,157.12,-16.18
3.85,477.05,156.97,-14.71
3.86,478.81,156.82,-14.22
3.86,478.81,156.82,-14.22
3.87,479.51,156.67,-15.2
3.88,481.62,156.52,-14.22
3.89,483.11,156.38,-15.2
3.9,484.87,156.23,-13.73
3.91,487.33,156.09,-14.22
3.92,488.3,155.95,-14.22
3.93,488.65,155.81,-14.22
3.94,491.81,155.67,-13.73
3.95,493.57,155.52,-14.22
3.96,496.12,155.38,-14.22
3.97,496.56,155.24,-13.73
3.98,498.41,155.1,-15.2
3.99,501.05,154.96,-13.73
4,502.46,154.82,-13.24
4.01,504.48,154.68,-14.22
4.02,506.15,154.54,-14.22
4.03,508.62,154.39,-14.22
4.04,509.68,154.25,-14.71
4.05,511.44,154.1,-15.2
4.06,513.82,153.95,-15.2
4.07,514.26,153.81,-14.71
4.08,516.28,153.66,-15.2
4.09,517.34,153.52,-13.24
4.1,519.28,153.37,-13.73
4.11,520.69,153.23,-14.71
4.12,522.19,153.09,-14.71
4.13,523.95,152.94,-14.71
4.14,525.01,152.79,-14.22
4.15,526.51,152.65,-14.71
4.16,528.19,152.5,-15.2
4.17,530.22,152.35,-14.71
4.18,532.25,152.21,-14.71
4.18,532.25,152.21,-14.71
4.19,533.04,152.06,-14.71
4.2,534.28,151.91,-14.22
4.21,535.25,151.77,-14.22
4.22,536.57,151.63,-14.22
4.23,538.34,151.48,-14.71
4.24,539.93,151.34,-13.73
4.25,540.9,151.2,-14.22
4.26,542.67,151.06,-14.22
4.27,544.53,150.91,-15.2
4.28,545.23,150.77,-14.71
4.29,546.56,150.63,-13.73
4.3,547.88,150.49,-13.73
4.31,549.92,150.35,-13.24
4.32,550.45,150.21,-13.24
4.33,552.22,150.07,-13.73
4.34,553.99,149.93,-14.71
4.35,555.93,149.79,-14.22
4.36,557.79,149.65,-14.71
4.37,559.21,149.51,-13.73
4.38,561.07,149.36,-14.71
4.39,561.86,149.22,-13.73
4.4,563.9,149.08,-14.71
4.41,566.2,148.94,-14.71
4.42,567.35,148.79,-13.73
4.43,568.41,148.65,-14.22
4.44,570.63,148.51,-13.73
4.45,572.76,148.37,-14.71
4.46,573.91,148.22,-14.71
4.47,575.42,148.08,-14.71
4.48,577.19,147.94,-13.73
4.49,578.43,147.8,-13.24
4.5,580.03,147.66,-14.71
4.5,580.03,147.66,-14.71
4.51,582.07,147.52,-14.22
4.52,584.11,147.38,-13.73
4.53,585.26,147.24,-14.22
4.54,586.95,147.1,-13.73
4.55,587.92,146.96,-13.24
4.56,589.34,146.81,-14.71
4.57,591.47,146.67,-14.71
4.58,592.72,146.52,-14.71
4.59,594.22,146.38,-15.2
4.6,595.56,146.23,-14.22
4.61,598.04,146.09,-14.71
4.62,598.67,145.95,-13.73
4.63,600.44,145.8,-13.73
4.64,602.13,145.66,-14.22
4.65,603.29,145.52,-14.22
4.66,605.24,145.38,-14.22
4.67,605.78,145.24,-14.22
4.68,607.02,145.1,-13.24
4.69,608.89,144.96,-13.73
4.7,610.84,144.82,-15.2
4.71,612.45,144.69,-13.24
4.72,614.58,144.55,-13.24
4.73,614.58,144.42,-13.24
4.74,617.7,144.28,-12.75
4.75,618.41,144.15,-13.73
4.76,620.63,144.01,-13.73
4.77,620.9,143.88,-14.22
4.78,623.22,143.74,-13.24
4.79,624.64,143.6,-14.71
4.8,626.6,143.46,-14.22
4.81,627.85,143.32,-12.75
4.82,629.45,143.18,-13.73
4.82,629.45,143.18,-13.73
4.83,630.08,143.05,-14.71
4.84,632.93,142.91,-13.24
4.85,635.51,142.77,-13.24
4.86,635.51,142.64,-13.24
4.87,636.4,142.5,-13.73
4.88,638.81,142.36,-14.22
4.89,639.35,142.22,-14.22
4.9,641.85,142.09,-13.73
4.91,643.45,141.95,-13.73
4.92,644.08,141.81,-14.22
4.93,645.59,141.68,-12.75
4.94,647.11,141.54,-12.75
4.95,648.54,141.41,-13.73
4.96,649.25,141.28,-12.75
4.97,651.31,141.15,-13.24
4.98,653,141.02,-12.75
4.99,653.99,140.89,-13.24
5,656.22,140.75,-14.22
5.01,657.29,140.62,-12.75
5.02,658.54,140.49,-12.26
5.03,660.33,140.36,-12.75
5.04,661.67,140.23,-13.24
5.05,662.74,140.1,-13.24
5.06,664.89,139.96,-14.22
5.07,665.78,139.83,-13.73
5.08,667.3,139.69,-14.22
5.09,668.91,139.55,-13.73
5.1,670.17,139.42,-13.24
5.11,670.97,139.28,-13.24
5.12,672.94,139.15,-13.73
5.13,674.46,139.01,-13.24
5.14,675.18,138.88,-13.73
5.14,675.18,138.88,-13.73
5.15,677.06,138.74,-13.73
5.16,678.49,138.61,-12.75
5.17,679.21,138.48,-12.26
5.18,680.73,138.35,-13.73
5.19,682.79,138.21,-13.73
5.2,684.4,138.08,-13.73
5.21,685.39,137.94,-13.73
5.22,687,137.8,-13.73
5.23,688.34,137.67,-13.73
5.24,690.85,137.53,-13.73
5.25,690.94,137.39,-14.22
5.26,692.11,137.26,-12.75
5.27,693.63,137.12,-13.73
5.28,695.52,136.99,-13.24
5.29,696.23,136.85,-14.22
5.3,696.5,136.72,-13.24
5.31,698.75,136.58,-13.24
5.32,699.28,136.45,-12.75
5.33,700.99,136.32,-13.24
5.34,702.16,136.19,-12.75
5.35,703.77,136.06,-12.75
5.36,704.76,135.93,-13.24
5.37,706.2,135.79,-14.22
5.38,707.45,135.66,-12.75
5.39,708.71,135.52,-14.22
5.4,710.42,135.39,-13.73
5.41,711.76,135.25,-13.73
5.42,713.11,135.11,-13.24
5.43,714.73,134.98,-13.73
5.44,716.08,134.84,-13.73
5.45,717.51,134.71,-12.75
5.46,718.59,134.57,-13.73
5.46,718.59,134.57,-13.73
5.47,720.39,134.43,-14.22
5.48,721.02,134.3,-13.73
5.49,722.37,134.16,-14.22
5.5,724.71,134.02,-13.73
5.51,725.79,133.88,-13.24
5.52,727.23,133.75,-13.73
5.53,728.4,133.61,-14.22
5.54,729.3,133.47,-13.73
5.55,731.82,133.33,-13.73
5.56,732.81,133.2,-13.73
5.57,734.07,133.06,-13.73
5.58,735.33,132.93,-12.26
5.59,736.5,132.79,-13.73
5.6,737.94,132.66,-13.73
5.61,739.47,132.53,-13.24
5.62,740.82,132.39,-13.24
5.63,741.72,132.25,-13.73
5.64,744.06,132.12,-13.73
5.65,744.6,131.98,-14.22
5.66,746.14,131.84,-14.22
5.67,747.49,131.7,-12.75
5.68,748.66,131.57,-14.22
5.69,750.01,131.43,-13.73
5.7,750.91,131.29,-13.73
5.71,752.18,131.15,-14.22
5.72,752.63,131.01,-13.73
5.73,754.88,130.88,-13.73
5.74,756.24,130.74,-13.24
5.75,758.22,130.6,-14.71
5.76,758.94,130.46,-13.73
5.77,760.03,130.32,-13.73
5.78,762.19,130.18,-13.24
5.78,762.19,130.18,-13.24
5.79,762.73,130.04,-14.22
5.8,763.64,129.9,-14.22
5.81,765.53,129.76,-14.22
5.82,766.17,129.62,-14.71
5.83,767.07,129.48,-13.73
5.84,768.97,129.34,-13.24
5.85,770.23,129.21,-14.22
5.86,772.04,129.07,-13.24
5.87,773.93,128.93,-13.24
5.88,774.75,128.79,-15.2
5.89,776.74,128.64,-14.71
5.9,777.1,128.5,-14.71
5.91,778.73,128.36,-13.73
5.92,780.08,128.22,-13.73
5.93,780.99,128.08,-13.73
5.94,782.8,127.94,-12.75
5.95,783.79,127.81,-14.71
5.96,785.42,127.67,-13.73
5.97,786.96,127.53,-13.73
5.98,787.77,127.39,-14.22
5.99,789.49,127.25,-13.73
6,790.31,127.12,-13.24
6.01,791.3,126.98,-13.73
6.02,792.75,126.84,-13.73
6.03,794.56,126.71,-13.73
6.04,796.01,126.57,-13.73
6.05,797.28,126.43,-13.24
6.06,798.82,126.3,-13.24
6.07,800,126.16,-14.71
6.08,801.99,126.02,-13.24
6.09,803.08,125.89,-13.73
6.1,804.07,125.75,-14.22
6.1,804.07,125.75,-14.22
6.11,805.16,125.61,-13.24
6.12,806.79,125.48,-13.73
6.13,808.52,125.34,-13.24
6.14,810.15,125.2,-14.22
6.15,810.78,125.07,-13.73
6.16,812.42,124.93,-13.24
6.17,813.78,124.8,-13.73
6.18,815.23,124.66,-12.75
6.19,816.32,124.53,-13.73
6.2,817.5,124.4,-12.75
6.21,818.32,124.26,-13.73
6.22,820.04,124.13,-13.73
6.23,820.77,123.99,-13.24
6.24,822.22,123.85,-14.22
6.25,823.58,123.72,-14.22
6.26,825.4,123.58,-12.75
6.27,826.85,123.45,-13.73
6.28,827.94,123.31,-13.24
6.29,829.31,123.18,-13.24
6.3,830.58,123.04,-13.73
6.31,831.76,122.91,-13.24
6.32,832.58,122.77,-13.73
6.33,833.85,122.64,-13.24
6.34,835.3,122.51,-13.24
6.35,837.21,122.37,-13.73
6.36,837.76,122.23,-13.73
6.37,839.85,122.09,-13.73
6.38,840.76,121.96,-14.71
6.39,841.94,121.82,-13.73
6.4,842.76,121.68,-13.73
6.41,844.58,121.54,-12.75
6.42,845.49,121.41,-14.22
6.42,845.49,121.41,-14.22
6.43,846.49,121.27,-14.22
6.44,847.4,121.13,-13.24
6.45,849.13,121,-13.24
6.46,849.95,120.86,-12.75
6.47,851.05,120.73,-13.73
6.48,852.5,120.59,-14.22
6.49,853.87,120.45,-14.22
6.5,855.51,120.31,-14.22
6.51,856.6,120.18,-13.73
6.52,857.24,120.04,-12.75
6.53,858.79,119.91,-12.75
6.54,859.52,119.78,-13.24
6.55,860.98,119.64,-13.73
6.56,862.44,119.5,-14.22
6.57,863.16,119.36,-14.22
6.58,864.9,119.23,-14.22
6.59,866.08,119.09,-13.24
6.6,866.9,118.95,-13.24
6.61,868.45,118.82,-14.22
6.62,869.46,118.68,-13.24
6.63,871.01,118.55,-13.24
6.64,872.1,118.41,-13.24
6.65,873.84,118.28,-13.73
6.66,875.12,118.15,-12.75
6.67,875.94,118.01,-13.73
6.68,877.03,117.88,-12.75
6.69,878.86,117.75,-13.24
6.7,879.41,117.62,-13.24
6.71,881.23,117.48,-13.24
6.72,881.96,117.35,-13.73
6.73,883.7,117.21,-13.73
6.74,885.25,117.08,-13.73
6.74,885.25,117.08,-13.73
6.75,885.8,116.94,-13.24
6.76,887.45,116.81,-13.73
6.77,888.63,116.67,-13.73
6.78,889.27,116.53,-14.22
6.79,891.1,116.4,-12.75
6.8,891.92,116.26,-13.24
6.81,893.57,116.13,-13.73
6.82,894.58,116,-13.24
6.83,895.86,115.87,-12.75
6.84,896.77,115.73,-12.75
6.85,898.6,115.6,-13.73
6.86,899.15,115.47,-13.73
6.87,899.97,115.34,-12.75
6.88,901.44,115.2,-13.24
6.89,901.99,115.07,-13.24
6.9,904.09,114.94,-13.73
6.91,904.37,114.81,-13.24
6.92,905.65,114.67,-13.24
6.93,907.75,114.54,-13.24
6.94,908.58,114.4,-13.73
6.95,909.77,114.27,-13.73
6.96,910.32,114.13,-13.73
6.97,911.88,113.99,-13.73
6.98,912.61,113.85,-13.73
6.99,914.07,113.71,-14.22
7,915.72,113.58,-13.73
7.01,916.46,113.44,-14.22
7.02,918.38,113.3,-13.73
7.03,918.84,113.16,-13.73
7.04,920.31,113.03,-12.75
7.05,921.77,112.9,-12.75
7.06,922.87,112.76,-13.73
7.06,922.87,112.76,-13.73
7.07,924.53,112.63,-13.73
7.08,925.63,112.49,-13.73
7.09,926.45,112.36,-13.24
7.1,927.92,112.23,-12.75
7.11,928.47,112.09,-13.73
7.12,929.66,111.96,-13.24
7.13,931.41,111.83,-13.24
7.14,932.51,111.69,-13.24
7.15,933.7,111.55,-14.71
7.16,934.71,111.42,-13.24
7.17,935.9,111.28,-13.73
7.18,936.36,111.15,-13.73
7.19,938.66,111.01,-13.24
7.2,939.85,110.87,-13.24
7.21,941.51,110.74,-14.22
7.22,942.33,110.6,-14.71
7.23,943.9,110.46,-12.75
7.24,944.36,110.33,-13.24
7.25,945.92,110.19,-13.73
7.26,946.93,110.06,-13.24
7.27,948.03,109.93,-13.24
7.28,949.04,109.8,-13.24
7.29,950.06,109.67,-12.75
7.3,951.53,109.54,-12.26
7.31,952.63,109.41,-13.24
7.32,953.18,109.28,-12.26
7.33,954.47,109.15,-13.24
7.34,956.22,109.02,-12.75
7.35,956.95,108.89,-13.24
7.36,958.15,108.76,-13.24
7.37,958.61,108.62,-14.22
7.38,960.08,108.49,-13.73
7.38,960.08,108.49,-13.73
7.39,961.19,108.35,-13.24
7.4,963.03,108.22,-13.24
7.41,963.86,108.09,-13.24
7.42,965.33,107.96,-12.26
7.43,966.07,107.83,-12.75
7.44,967.17,107.7,-13.73
7.45,967.63,107.57,-12.75
7.46,969.48,107.44,-13.24
7.47,970.86,107.31,-12.75
7.48,971.87,107.18,-13.24
7.49,972.52,107.04,-13.73
7.5,973.53,106.91,-12.75
7.51,974.45,106.78,-13.73
7.52,975.56,106.65,-13.24
7.53,977.4,106.51,-13.24
7.54,977.86,106.38,-13.24
7.55,978.69,106.25,-13.24
7.56,979.62,106.11,-13.24
7.57,981.46,105.98,-13.73
7.58,982.29,105.85,-12.75
7.59,983.03,105.71,-13.73
7.6,984.23,105.58,-13.73
7.61,985.8,105.45,-12.75
7.62,986.9,105.32,-13.24
7.63,987.55,105.19,-13.24
7.64,988.75,105.06,-12.75
7.65,990.13,104.93,-11.77
7.66,991.24,104.81,-12.75
7.67,992.16,104.68,-13.24
7.68,993.46,104.55,-12.26
7.69,994.01,104.43,-12.26
7.7,995.4,104.3,-12.26
7.7,995.4,104.3,-12.26
7.71,996.78,104.17,-12.75
7.72,997.61,104.05,-13.73
7.73,998.45,103.91,-13.24
7.74,999.74,103.78,-13.24
7.75,1000.11,103.65,-12.75
7.76,1002.33,103.52,-13.73
7.77,1002.97,103.39,-13.24
7.78,1003.16,103.26,-12.75
7.79,1004.18,103.13,-12.75
7.8,1005.01,103,-12.75
7.81,1006.02,102.87,-13.24
7.82,1008.24,102.74,-13.24
7.83,1008.71,102.61,-12.75
7.84,1009.91,102.48,-13.24
7.85,1011.48,102.35,-12.75
7.86,1012.04,102.22,-12.75
7.87,1012.59,102.1,-12.26
7.88,1013.52,101.97,-12.75
7.89,1014.53,101.84,-12.26
7.9,1015.27,101.72,-12.75
7.91,1016.2,101.59,-13.24
7.92,1017.59,101.46,-12.26
7.93,1017.87,101.34,-12.26
7.94,1019.53,101.21,-12.75
7.95,1020.27,101.09,-12.26
7.96,1020.27,100.96,-13.24
7.97,1021.94,100.83,-12.75
7.98,1022.59,100.71,-12.26
7.99,1023.7,100.58,-13.24
8,1024.44,100.45,-12.75
8.01,1025.64,100.33,-11.77
8.02,1027.13,100.2,-12.26
8.02,1027.13,100.2,-12.26
8.03,1027.13,100.08,-13.24
8.04,1028.42,99.95,-12.75
8.05,1030.28,99.83,-12.26
8.06,1030.93,99.7,-12.26
8.07,1032.04,99.57,-12.75
8.08,1032.78,99.45,-12.75
8.09,1034.82,99.32,-13.24
8.1,1034.91,99.19,-12.75
8.11,1036.67,99.06,-12.75
8.12,1038.07,98.94,-12.75
8.13,1038.07,98.81,-12.26
8.14,1038.81,98.68,-13.24
8.15,1040.39,98.55,-13.24
8.16,1040.85,98.42,-12.26
8.17,1041.78,98.3,-12.26
8.18,1043.17,98.17,-13.24
8.19,1043.54,98.04,-12.75
8.2,1045.02,97.92,-11.77
8.21,1045.49,97.79,-13.24
8.22,1046.23,97.67,-12.75
8.23,1048.09,97.54,-12.26
8.24,1048.37,97.42,-12.26
8.25,1049.39,97.29,-12.75
8.26,1051.43,97.17,-12.26
8.27,1052.08,97.04,-13.24
8.28,1052.36,96.91,-12.26
8.29,1053.66,96.79,-12.75
8.3,1054.78,96.66,-12.26
8.31,1056.26,96.54,-12.26
8.32,1057.56,96.42,-12.26
8.33,1057.93,96.29,-12.26
8.34,1059.42,96.17,-12.75
8.34,1059.42,96.17,-12.75
8.35,1060.82,96.04,-12.26
8.36,1061.28,95.92,-12.26
8.37,1061.75,95.8,-12.75
8.38,1063.98,95.67,-12.26
8.39,1064.26,95.55,-12.26
8.4,1065.19,95.42,-13.24
8.41,1066.21,95.3,-12.26
8.42,1067.7,95.18,-11.77
8.43,1068.44,95.05,-11.77
8.44,1069.93,94.93,-12.26
8.45,1070.95,94.81,-12.26
8.46,1072.72,94.69,-12.75
8.47,1072.81,94.57,-11.77
8.48,1073.37,94.44,-12.26
8.49,1074.58,94.32,-12.75
8.5,1074.96,94.2,-11.77
8.51,1075.89,94.08,-11.77
8.52,1078.4,93.96,-12.26
8.53,1078.49,93.83,-12.75
8.54,1079.61,93.71,-12.26
8.55,1080.36,93.59,-11.77
8.56,1080.82,93.47,-12.75
8.57,1081.94,93.35,-11.77
8.58,1083.52,93.22,-12.26
8.59,1084.83,93.1,-11.77
8.6,1085.01,92.98,-12.26
8.61,1086.04,92.86,-12.26
8.62,1086.97,92.74,-12.26
8.63,1088.09,92.62,-11.77
8.64,1089.02,92.5,-12.26
8.65,1089.95,92.37,-12.26
8.66,1090.05,92.25,-12.26
8.66,1090.05,92.25,-12.26
8.67,1091.26,92.13,-12.75
8.68,1092.56,92.01,-11.77
8.69,1093.5,91.89,-12.26
8.7,1094.34,91.77,-11.77
8.71,1094.9,91.65,-12.26
8.72,1095.55,91.53,-11.28
8.73,1096.76,91.41,-12.26
8.74,1098.07,91.29,-12.26
8.75,1098.44,91.17,-11.77
8.76,1099.75,91.05,-11.28
8.77,1100.31,90.93,-12.26
8.78,1100.68,90.82,-11.77
8.79,1102.17,90.7,-11.28
8.8,1103.29,90.58,-11.77
8.81,1103.48,90.47,-11.77
8.82,1104.51,90.35,-11.77
8.83,1105.63,90.23,-11.77
8.84,1106.75,90.11,-11.77
8.85,1107.4,90,-11.77
8.86,1108.24,89.88,-11.77
8.87,1109.18,89.76,-11.77
8.88,1110.39,89.64,-12.26
8.89,1111.05,89.52,-11.77
8.9,1112.26,89.4,-12.26
8.91,1112.45,89.28,-12.26
8.92,1113.47,89.15,-12.26
8.93,1115.06,89.03,-12.26
8.94,1116.18,88.91,-12.26
8.95,1116.37,88.79,-11.77
8.96,1117.68,88.67,-11.77
8.97,1118.43,88.55,-12.26
8.98,1119.46,88.43,-11.77
8.98,1119.46,88.43,-11.77
8.99,1120.49,88.31,-11.28
9,1121.14,88.19,-13.24
9.01,1122.73,88.07,-12.26
9.02,1122.73,87.95,-11.77
9.03,1123.67,87.83,-11.28
9.04,1124.6,87.72,-11.28
9.05,1126.19,87.6,-11.77
9.06,1126.28,87.49,-11.28
9.07,1128.25,87.37,-11.77
9.08,1128.81,87.26,-11.28
9.09,1129.65,87.14,-11.77
9.1,1130.5,87.03,-11.77
9.11,1131.06,86.91,-11.77
9.12,1132.18,86.8,-10.3
9.13,1133.49,86.69,-11.28
9.14,1133.96,86.57,-11.28
9.15,1134.33,86.46,-11.28
9.16,1135.36,86.34,-11.77
9.17,1136.77,86.23,-11.77
9.18,1137.89,86.11,-12.26
9.19,1138.83,85.99,-11.77
9.2,1139.39,85.87,-11.77
9.21,1140.42,85.75,-11.77
9.22,1140.8,85.63,-12.75
9.23,1141.64,85.51,-12.26
9.24,1143.05,85.39,-11.28
9.25,1144.08,85.28,-11.77
9.26,1145.01,85.16,-11.28
9.27,1145.48,85.05,-11.28
9.28,1146.7,84.93,-11.28
9.29,1146.89,84.82,-11.28
9.3,1148.58,84.7,-11.77
9.3,1148.58,84.7,-11.77
9.31,1148.58,84.59,-11.77
9.32,1149.61,84.47,-11.28
9.33,1149.89,84.36,-11.28
9.34,1151.77,84.24,-11.77
9.35,1151.86,84.13,-11.77
9.36,1152.89,84.01,-10.79
9.37,1153.92,83.9,-11.77
9.38,1155.42,83.79,-11.28
9.39,1155.42,83.67,-11.28
9.4,1156.55,83.56,-11.28
9.41,1157.21,83.45,-10.79
9.42,1158.33,83.33,-11.77
9.43,1159.27,83.22,-11.77
9.44,1159.46,83.1,-11.28
9.45,1160.49,82.99,-11.77
9.46,1161.53,82.88,-11.28
9.47,1162.56,82.76,-10.79
9.48,1163.03,82.65,-11.77
9.49,1163.97,82.54,-11.77
9.5,1164.34,82.42,-10.79
9.51,1165.47,82.31,-10.79
9.52,1166.31,82.2,-11.28
9.53,1167.44,82.08,-11.77
9.54,1167.35,81.97,-11.28
9.55,1168.57,81.86,-11.77
9.56,1169.04,81.74,-11.28
9.57,1170.17,81.63,-10.79
9.58,1171.29,81.52,-11.28
9.59,1171.95,81.41,-10.79
9.6,1172.99,81.3,-11.28
9.61,1173.46,81.19,-11.28
9.62,1173.74,81.07,-11.28
9.62,1173.74,81.07,-11.28
9.63,1174.87,80.96,-11.28
9.64,1175.9,80.85,-11.77
9.65,1176.56,80.73,-11.28
9.66,1177.59,80.61,-11.77
9.67,1178.25,80.5,-11.77
9.68,1179.1,80.38,-11.28
9.69,1179.76,80.27,-10.79
9.7,1181.64,80.16,-12.26
9.71,1181.83,80.04,-11.28
9.72,1182.39,79.93,-11.28
9.73,1183.24,79.81,-11.28
9.74,1184.27,79.7,-11.28
9.75,1184.65,79.58,-11.77
9.76,1185.59,79.47,-11.28
9.77,1187.09,79.35,-11.77
9.78,1187.38,79.24,-12.26
9.79,1188.7,79.12,-11.77
9.8,1188.98,79,-11.28
9.81,1189.35,78.89,-11.77
9.82,1190.39,78.78,-10.79
9.83,1191.9,78.67,-10.3
9.84,1192.46,78.56,-10.79
9.85,1193.03,78.45,-11.28
9.86,1193.97,78.34,-10.79
9.87,1195.38,78.23,-11.77
9.88,1196.04,78.12,-10.3
9.89,1196.98,78.01,-11.28
9.9,1196.79,77.9,-11.28
9.91,1197.93,77.79,-10.3
9.92,1198.49,77.68,-11.28
9.93,1200.19,77.57,-11.28
9.94,1200.47,77.46,-10.3
9.94,1200.47,77.46,-10.3
9.95,1201.04,77.35,-10.79
9.96,1202.07,77.25,-10.79
9.97,1203.39,77.14,-11.28
9.98,1203.67,77.03,-10.79
9.99,1204.62,76.92,-10.79
10,1205.37,76.81,-11.28
10.01,1205.47,76.69,-11.77
10.02,1207.35,76.58,-10.79
10.03,1208.58,76.47,-11.28
10.04,1208.48,76.36,-11.28
10.05,1209.52,76.24,-11.28
10.06,1210.46,76.13,-11.28
10.07,1211.6,76.02,-10.79
10.08,1212.16,75.91,-11.28
10.09,1212.92,75.8,-11.28
10.1,1213.67,75.69,-11.28
10.11,1214.05,75.57,-11.28
10.12,1215.09,75.46,-10.79
10.13,1215.75,75.35,-10.79
10.14,1216.79,75.24,-11.28
10.15,1217.83,75.13,-10.79
10.16,1218.02,75.02,-10.79
10.17,1220,74.91,-10.79
10.18,1220.28,74.8,-11.77
10.19,1220.28,74.69,-10.79
10.2,1221.51,74.58,-11.28
10.21,1222.74,74.47,-11.28
10.22,1223.02,74.36,-11.28
10.23,1223.87,74.24,-11.28
10.24,1224.34,74.13,-11.77
10.25,1225.1,74.02,-11.28
10.26,1225.38,73.91,-10.79
10.26,1225.38,73.91,-10.79
10.27,1226.61,73.8,-10.3
10.28,1227.74,73.69,-10.79
10.29,1228.03,73.58,-11.77
10.3,1228.78,73.47,-11.77
10.31,1229.26,73.36,-10.3
10.32,1230.01,73.25,-10.79
10.33,1231.15,73.14,-10.3
10.34,1231.53,73.03,-11.28
10.35,1232.09,72.92,-10.3
10.36,1232.57,72.82,-11.28
10.37,1233.89,72.71,-10.3
10.38,1234.65,72.6,-11.28
10.39,1235.02,72.49,-10.79
10.4,1235.4,72.38,-11.77
10.41,1236.63,72.26,-11.77
10.42,1237.2,72.15,-10.79
10.43,1237.96,72.04,-10.3
10.44,1238.05,71.94,-10.79
10.45,1238.52,71.83,-10.79
10.46,1239.94,71.72,-11.28
10.47,1240.13,71.61,-10.79
10.48,1240.23,71.5,-10.3
10.49,1241.65,71.4,-10.79
10.5,1242.4,71.29,-10.79
10.51,1242.59,71.18,-11.28
10.52,1243.82,71.07,-10.79
10.53,1243.82,70.96,-10.79
10.54,1243.92,70.85,-11.28
10.55,1245.05,70.74,-11.28
10.56,1245.24,70.63,-10.3
10.57,1246.47,70.52,-10.79
10.58,1246.85,70.41,-11.28
10.58,1246.85,70.41,-11.28
10.59,1247.04,70.3,-11.28
10.6,1248.75,70.19,-10.79
10.61,1249.31,70.08,-11.28
10.62,1249.5,69.97,-10.79
10.63,1250.07,69.87,-10.3
10.64,1250.45,69.76,-9.81
10.65,1252.16,69.66,-11.28
10.66,1252.63,69.55,-10.79
10.67,1253.48,69.44,-10.3
10.68,1253.96,69.34,-10.79
10.69,1254.43,69.23,-10.79
10.7,1254.62,69.12,-10.79
10.71,1255.57,69.01,-11.77
10.72,1256.33,68.9,-10.79
10.73,1257.08,68.79,-10.3
10.74,1257.37,68.69,-10.79
10.75,1258.6,68.58,-10.3
10.76,1259.26,68.48,-10.3
10.77,1259.83,68.37,-11.28
10.78,1260.69,68.27,-10.3
10.79,1261.06,68.16,-9.81
10.8,1261.54,68.06,-9.81
10.81,1262.3,67.96,-10.79
10.82,1262.58,67.85,-10.79
10.83,1263.63,67.75,-10.3
10.84,1264.48,67.64,-10.79
10.85,1265.62,67.53,-10.79
10.86,1265.43,67.43,-10.3
10.87,1266.66,67.32,-10.79
10.88,1266.57,67.22,-10.3
10.89,1268.08,67.11,-10.79
10.9,1269.22,67.01,-10.3
10.9,1269.22,67.01,-10.3
10.91,1268.65,66.9,-10.3
10.92,1269.41,66.8,-10.79
10.93,1270.36,66.69,-10.79
10.94,1271.41,66.58,-10.3
10.95,1271.5,66.48,-10.79
10.96,1272.07,66.37,-11.28
10.97,1272.73,66.26,-11.28
10.98,1274.25,66.15,-10.3
10.99,1274.35,66.04,-10.79
11,1275.3,65.94,-10.3
11.01,1275.68,65.83,-11.28
11.02,1275.77,65.72,-10.79
11.03,1276.53,65.61,-11.28
11.04,1277.39,65.51,-9.81
11.05,1278.34,65.4,-10.79
11.06,1279.1,65.3,-10.3
11.07,1280.14,65.19,-10.3
11.08,1280.71,65.09,-9.81
11.09,1280.71,64.99,-10.79
11.1,1281.28,64.88,-10.3
11.11,1282.23,64.78,-10.3
11.12,1282.04,64.68,-10.3
11.13,1283.18,64.58,-10.3
11.14,1283.94,64.47,-9.81
11.15,1285.18,64.37,-10.79
11.16,1285.46,64.27,-9.81
11.17,1285.56,64.16,-10.79
11.18,1286.89,64.06,-10.3
11.19,1287.08,63.95,-10.3
11.2,1288.22,63.85,-10.79
11.21,1288.22,63.74,-10.79
11.22,1288.98,63.63,-10.79
11.22,1288.98,63.63,-10.79
11.23,1289.74,63.53,-11.28
11.24,1290.41,63.42,-10.79
11.25,1290.69,63.31,-10.79
11.26,1291.17,63.2,-10.3
11.27,1292.59,63.1,-10.79
11.28,1292.4,62.99,-10.3
11.29,1293.07,62.89,-10.79
11.3,1294.4,62.78,-10.3
11.31,1295.07,62.68,-10.3
11.32,1295.26,62.57,-10.3
11.33,1295.83,62.47,-10.3
11.34,1296.68,62.37,-10.3
11.35,1296.78,62.27,-9.32
11.36,1297.54,62.17,-9.32
11.37,1298.21,62.08,-9.81
11.38,1298.87,61.97,-10.79
11.39,1298.87,61.87,-10.3
11.4,1300.11,61.77,-10.3
11.41,1301.35,61.66,-10.79
11.42,1301.25,61.56,-10.79
11.43,1301.35,61.45,-9.81
11.44,1302.2,61.35,-10.79
11.45,1303.63,61.25,-10.3
11.46,1303.82,61.15,-9.81
11.47,1303.73,61.04,-10.3
11.48,1304.78,60.94,-9.81
11.49,1305.44,60.84,-11.28
11.5,1305.82,60.73,-9.32
11.51,1306.39,60.63,-10.79
11.52,1307.16,60.52,-11.28
11.53,1307.35,60.42,-10.79
11.54,1308.39,60.31,-9.81
11.54,1308.39,60.31,-9.81
11.55,1308.58,60.2,-11.28
11.56,1308.87,60.1,-10.3
11.57,1310.01,59.99,-10.79
11.58,1310.87,59.88,-11.28
11.59,1311.25,59.78,-10.3
11.6,1311.92,59.67,-10.79
11.61,1312.3,59.56,-10.79
11.62,1312.87,59.46,-10.79
11.63,1313.83,59.35,-9.81
11.64,1314.4,59.25,-10.3
11.65,1314.49,59.14,-10.79
11.66,1314.68,59.04,-10.3
11.67,1315.54,58.94,-9.81
11.68,1316.88,58.84,-10.3
11.69,1317.07,58.73,-10.79
11.7,1317.45,58.63,-9.81
11.71,1318.02,58.53,-9.81
11.72,1318.69,58.43,-10.3
11.73,1319.16,58.33,-9.32
11.74,1319.64,58.23,-10.3
11.75,1319.74,58.13,-10.3
11.76,1320.69,58.02,-10.79
11.77,1320.98,57.92,-10.3
11.78,1321.36,57.82,-10.79
11.79,1322.31,57.71,-10.3
11.8,1322.79,57.61,-10.79
11.81,1323.46,57.51,-9.81
11.82,1323.65,57.41,-9.81
11.83,1324.12,57.31,-9.32
11.84,1324.98,57.21,-10.3
11.85,1325.46,57.11,-10.3
11.86,1325.56,57.01,-9.81
11.86,1325.56,57.01,-9.81
11.87,1326.42,56.91,-9.81
11.88,1326.7,56.81,-9.81
11.89,1327.46,56.71,-10.3
11.9,1328.71,56.6,-10.79
11.91,1328.9,56.5,-10.3
11.92,1329.28,56.4,-9.32
11.93,1328.99,56.3,-10.79
11.94,1330.42,56.19,-10.3
11.95,1331,56.09,-10.3
11.96,1331.38,55.99,-10.79
11.97,1331.86,55.89,-9.81
11.98,1332.81,55.79,-9.81
11.99,1332.81,55.69,-9.81
12,1333.1,55.59,-9.81
12.01,1333.86,55.49,-10.3
12.02,1334.91,55.39,-10.3
12.03,1335.1,55.29,-9.32
12.04,1335.39,55.19,-9.81
12.05,1336.54,55.09,-9.81
12.06,1336.63,54.99,-9.81
12.07,1337.4,54.89,-11.77
12.08,1337.87,54.78,-9.81
12.09,1338.64,54.68,-10.3
12.1,1338.83,54.58,-9.81
12.11,1339.4,54.48,-9.32
12.12,1339.59,54.38,-9.81
12.13,1340.36,54.28,-10.79
12.14,1340.84,54.18,-10.3
12.15,1341.6,54.08,-9.32
12.16,1342.27,53.99,-9.81
12.17,1342.36,53.89,-9.81
12.18,1343.03,53.79,-9.81
12.18,1343.03,53.79,-9.81
12.19,1343.8,53.69,-9.81
12.2,1343.89,53.59,-10.3
12.21,1344.28,53.49,-10.3
12.22,1344.66,53.39,-10.3
12.23,1345.23,53.29,-9.32
12.24,1345.9,53.19,-9.81
12.25,1346.19,53.09,-9.81
12.26,1347.05,53,-9.32
12.27,1347.24,52.9,-9.81
12.28,1347.62,52.8,-10.3
12.29,1348.29,52.7,-9.81
12.3,1348.68,52.61,-9.32
12.31,1349.44,52.51,-9.32
12.32,1349.92,52.41,-9.81
12.33,1350.49,52.31,-10.79
12.34,1350.78,52.21,-9.81
12.35,1351.35,52.11,-9.81
12.36,1352.41,52.02,-9.81
12.37,1352.41,51.92,-9.81
12.38,1352.6,51.82,-9.32
12.39,1353.75,51.72,-9.81
12.4,1354.03,51.62,-10.79
12.41,1354.89,51.52,-10.3
12.42,1354.99,51.41,-10.79
12.43,1355.76,51.31,-9.81
12.44,1355.76,51.2,-10.79
12.45,1356.81,51.1,-10.3
12.46,1357.29,51,-10.3
12.47,1357.57,50.9,-10.3
12.48,1357.67,50.8,-9.81
12.49,1358.05,50.7,-9.81
12.5,1358.63,50.6,-9.81
12.5,1358.63,50.6,-9.81
12.51,1359.39,50.5,-9.81
12.52,1360.16,50.4,-9.81
12.53,1360.35,50.31,-9.32
12.54,1361.31,50.21,-9.81
12.55,1361.79,50.11,-9.81
12.56,1361.79,50.01,-10.3
12.57,1363.22,49.91,-10.79
12.58,1362.65,49.81,-9.81
12.59,1362.74,49.7,-10.3
12.6,1363.61,49.6,-9.32
12.61,1364.09,49.51,-10.3
12.62,1364.18,49.41,-9.81
12.63,1365.33,49.31,-10.3
12.64,1365.43,49.21,-9.81
12.65,1366.19,49.11,-9.81
12.66,1366.19,49.01,-8.83
12.67,1367.25,48.92,-9.81
12.68,1366.86,48.82,-9.81
12.69,1367.92,48.72,-9.81
12.7,1368.4,48.63,-10.3
12.71,1368.78,48.53,-9.32
12.72,1369.26,48.43,-9.32
12.73,1369.64,48.34,-9.32
12.74,1370.12,48.24,-9.81
12.75,1371.27,48.14,-10.3
12.76,1371.27,48.04,-10.3
12.77,1371.75,47.94,-10.3
12.78,1372.14,47.84,-10.3
12.79,1372.61,47.74,-10.3
12.8,1372.71,47.64,-9.32
12.81,1373.86,47.54,-9.81
12.82,1373.67,47.44,-9.32
12.82,1373.67,47.44,-9.32
12.83,1374.34,47.34,-9.81
12.84,1374.34,47.24,-10.3
12.85,1375.87,47.14,-10.3
12.86,1375.59,47.04,-10.3
12.87,1376.16,46.94,-9.32
12.88,1376.83,46.84,-10.3
12.89,1376.74,46.74,-10.3
12.9,1377.41,46.64,-9.81
12.91,1377.79,46.54,-9.32
12.92,1378.46,46.44,-10.79
12.93,1378.75,46.34,-9.81
12.94,1378.75,46.24,-9.81
12.95,1379.23,46.15,-9.81
12.96,1379.81,46.05,-9.81
12.97,1380.1,45.95,-9.81
12.98,1380.67,45.85,-9.32
12.99,1380.96,45.76,-9.32
13,1381.53,45.66,-10.3
13.01,1382.3,45.56,-9.81
13.02,1382.88,45.46,-9.81
13.03,1383.17,45.37,-9.81
13.04,1383.07,45.27,-9.32
13.05,1383.74,45.18,-9.81
13.06,1384.13,45.08,-8.83
13.07,1384.51,44.99,-9.32
13.08,1385.09,44.89,-10.3
13.09,1385.85,44.79,-9.81
13.1,1385.47,44.7,-9.32
13.11,1386.24,44.6,-9.81
13.12,1386.53,44.51,-9.32
13.13,1387.01,44.41,-9.81
13.14,1387.49,44.31,-9.32
13.14,1387.49,44.31,-9.32
13.15,1387.87,44.22,-9.81
13.16,1388.35,44.12,-9.81
13.17,1388.45,44.02,-9.81
13.18,1388.64,43.93,-9.81
13.19,1389.6,43.83,-9.32
13.2,1389.21,43.73,-9.81
13.21,1390.08,43.63,-9.81
13.22,1390.75,43.54,-9.81
13.23,1390.75,43.44,-9.32
13.24,1391.9,43.34,-10.3
13.25,1392.1,43.24,-10.3
13.26,1392.58,43.14,-9.81
13.27,1392.86,43.05,-8.83
13.28,1392.86,42.95,-10.3
13.29,1394.21,42.85,-9.32
13.3,1394.21,42.76,-9.81
13.31,1394.98,42.66,-9.81
13.32,1395.17,42.56,-9.32
13.33,1395.75,42.47,-9.81
13.34,1395.84,42.37,-9.81
13.35,1395.65,42.27,-9.32
13.36,1396.71,42.17,-10.3
13.37,1396.23,42.08,-9.81
13.38,1397.76,41.98,-9.81
13.39,1397.76,41.88,-10.3
13.4,1397.96,41.77,-9.81
13.41,1398.15,41.67,-10.79
13.42,1399.01,41.57,-9.81
13.43,1399.21,41.48,-9.81
13.44,1399.97,41.38,-9.81
13.45,1399.69,41.28,-8.83
13.46,1400.36,41.19,-9.32
13.46,1400.36,41.19,-9.32
13.47,1401.03,41.09,-9.81
13.48,1401.51,41,-9.32
13.49,1401.9,40.9,-9.81
13.5,1402.09,40.81,-8.83
13.51,1403.15,40.71,-10.3
13.52,1402.76,40.62,-9.81
13.53,1403.15,40.52,-9.32
13.54,1403.82,40.42,-9.81
13.55,1404.01,40.33,-8.83
13.56,1404.69,40.23,-10.3
13.57,1404.97,40.13,-10.3
13.58,1405.55,40.04,-9.32
13.59,1405.65,39.94,-9.81
13.6,1405.94,39.84,-9.81
13.61,1407.09,39.75,-9.32
13.62,1406.51,39.66,-8.83
13.63,1407.09,39.56,-8.83
13.64,1407.28,39.47,-9.32
13.65,1408.05,39.38,-9.81
13.66,1408.53,39.29,-8.83
13.67,1408.53,39.2,-9.32
13.68,1408.44,39.1,-8.83
13.69,1409.21,39.01,-9.32
13.7,1409.79,38.91,-9.81
13.71,1410.36,38.82,-9.81
13.72,1410.75,38.72,-9.32
13.73,1410.94,38.63,-10.3
13.74,1411.42,38.53,-9.81
13.75,1411.04,38.43,-9.32
13.76,1412.09,38.33,-9.81
13.77,1411.81,38.24,-9.81
13.78,1412.77,38.14,-9.32
13.78,1412.77,38.14,-9.32
13.79,1412.67,38.05,-9.32
13.8,1413.44,37.96,-8.83
13.81,1414.5,37.86,-9.81
13.82,1414.31,37.77,-8.83
13.83,1414.31,37.68,-9.32
13.84,1415.27,37.59,-9.81
13.85,1414.98,37.5,-8.83
13.86,1415.37,37.41,-8.83
13.87,1415.95,37.32,-8.34
13.88,1416.23,37.23,-8.83
13.89,1416.43,37.13,-9.81
13.9,1417.2,37.04,-9.32
13.91,1417.2,36.95,-9.32
13.92,1417.68,36.85,-9.81
13.93,1418.55,36.76,-9.81
13.94,1418.35,36.66,-9.32
13.95,1418.16,36.56,-9.81
13.96,1419.41,36.47,-9.81
13.97,1419.6,36.37,-8.83
13.98,1419.7,36.28,-9.81
13.99,1419.7,36.18,-9.81
14,1420.57,36.08,-9.81
14.01,1420.57,35.99,-9.81
14.02,1421.24,35.89,-9.32
14.03,1421.63,35.79,-10.3
14.04,1421.72,35.7,-9.32
14.05,1422.21,35.6,-8.83
14.06,1422.78,35.51,-9.32
14.07,1422.49,35.42,-9.81
14.08,1422.21,35.32,-9.32
14.09,1423.75,35.22,-9.81
14.1,1423.17,35.13,-9.81
14.1,1423.17,35.13,-9.81
14.11,1423.84,35.03,-9.32
14.12,1424.23,34.93,-10.3
14.13,1424.71,34.84,-9.81
14.14,1424.9,34.74,-8.83
14.15,1424.81,34.65,-9.81
14.16,1425.67,34.55,-8.83
14.17,1426.16,34.46,-9.32
14.18,1426.45,34.36,-10.3
14.19,1426.93,34.26,-10.3
14.2,1427.12,34.16,-10.3
14.21,1427.31,34.07,-8.83
14.22,1427.02,33.97,-9.32
14.23,1427.7,33.88,-9.32
14.24,1427.99,33.79,-8.83
14.25,1427.6,33.7,-9.32
14.26,1428.76,33.6,-8.83
14.27,1428.28,33.51,-9.81
14.28,1429.14,33.42,-9.32
14.29,1429.14,33.32,-9.81
14.3,1429.63,33.23,-9.32
14.31,1429.53,33.14,-8.83
14.32,1430.11,33.05,-8.34
14.33,1430.59,32.96,-9.81
14.34,1430.98,32.86,-9.32
14.35,1430.78,32.77,-9.81
14.36,1431.27,32.68,-8.83
14.37,1431.75,32.58,-9.81
14.38,1431.56,32.49,-9.32
14.39,1432.04,32.39,-9.32
14.4,1432.81,32.3,-10.3
14.41,1432.81,32.2,-9.32
14.42,1432.62,32.1,-9.81
14.42,1432.62,32.1,-9.81
14.43,1432.71,32.01,-9.32
14.44,1433.19,31.91,-9.32
14.45,1433.97,31.82,-9.32
14.46,1433.39,31.72,-9.81
14.47,1434.06,31.63,-9.32
14.48,1434.35,31.53,-9.32
14.49,1434.83,31.44,-9.81
14.5,1435.03,31.34,-9.81
14.51,1435.41,31.25,-9.81
14.52,1435.99,31.16,-8.34
14.53,1435.7,31.06,-9.32
14.54,1435.51,30.97,-9.32
14.55,1435.99,30.88,-9.32
14.56,1436.09,30.78,-9.32
14.57,1436.28,30.69,-9.81
14.58,1436.47,30.6,-9.81
14.59,1436.96,30.5,-8.83
14.6,1437.15,30.41,-8.83
14.61,1437.44,30.32,-8.83
14.62,1437.83,30.23,-9.81
14.63,1437.73,30.13,-9.32
14.64,1437.92,30.04,-9.81
14.65,1438.21,29.94,-9.81
14.66,1438.69,29.85,-9.81
14.67,1438.79,29.75,-9.32
14.68,1438.89,29.66,-8.34
14.69,1438.98,29.57,-9.32
14.7,1439.56,29.48,-8.34
14.71,1439.27,29.39,-9.32
14.72,1439.66,29.29,-9.81
14.73,1440.05,29.2,-9.81
14.74,1440.72,29.1,-9.81
14.74,1440.72,29.1,-9.81
14.75,1440.62,29.01,-9.81
14.76,1440.91,28.91,-9.32
14.77,1440.62,28.82,-8.83
14.78,1441.11,28.72,-9.32
14.79,1441.2,28.63,-9.81
14.8,1441.78,28.53,-9.81
14.81,1441.78,28.44,-9.32
14.82,1441.88,28.34,-10.3
14.83,1441.59,28.24,-9.32
14.84,1442.36,28.15,-9.32
14.85,1442.94,28.05,-9.32
14.86,1443.13,27.96,-9.81
14.87,1442.84,27.87,-9.32
14.88,1443.04,27.77,-8.83
14.89,1443.33,27.68,-9.81
14.9,1443.33,27.59,-9.32
14.91,1443.91,27.49,-8.83
14.92,1443.91,27.4,-8.83
14.93,1444.29,27.31,-9.81
14.94,1444.29,27.21,-9.81
14.95,1444.39,27.12,-9.32
14.96,1444.68,27.03,-9.81
14.97,1444.78,26.93,-8.34
14.98,1445.16,26.84,-9.32
14.99,1445.45,26.75,-8.83
15,1445.93,26.66,-9.32
15.01,1446.13,26.57,-8.83
15.02,1445.93,26.48,-8.83
15.03,1446.32,26.39,-9.32
15.04,1446.03,26.3,-9.32
15.05,1446.42,26.21,-9.32
15.06,1447.48,26.11,-9.32
15.06,1447.48,26.11,-9.32
15.07,1447,26.02,-8.83
15.08,1447.38,25.93,-8.83
15.09,1447.29,25.84,-9.32
15.1,1447.77,25.74,-9.81
15.11,1447.77,25.65,-9.81
15.12,1447.67,25.56,-9.81
15.13,1448.35,25.46,-8.83
15.14,1448.74,25.37,-8.83
15.15,1448.16,25.28,-9.32
15.16,1448.64,25.18,-9.32
15.17,1448.83,25.09,-9.81
15.18,1449.41,24.99,-9.81
15.19,1449.41,24.9,-8.83
15.2,1449.41,24.81,-9.32
15.21,1449.6,24.71,-9.81
15.22,1449.8,24.61,-9.32
15.23,1449.89,24.52,-10.3
15.24,1449.99,24.42,-10.3
15.25,1450.38,24.32,-9.32
15.26,1450.67,24.23,-9.32
15.27,1450.86,24.13,-9.32
15.28,1450.76,24.04,-8.83
15.29,1451.34,23.95,-8.83
15.3,1451.25,23.86,-8.83
15.31,1451.34,23.77,-9.81
15.32,1451.73,23.67,-9.81
15.33,1451.34,23.58,-9.81
15.34,1452.02,23.48,-9.32
15.35,1452.21,23.39,-9.32
15.36,1452.21,23.29,-9.81
15.37,1452.12,23.2,-8.34
15.38,1452.6,23.11,-9.81
15.38,1452.6,23.11,-9.81
15.39,1453.28,23.01,-8.83
15.4,1452.21,22.92,-9.32
15.41,1453.18,22.82,-10.3
15.42,1453.66,22.73,-10.3
15.43,1453.18,22.63,-8.83
15.44,1453.57,22.54,-9.32
15.45,1453.76,22.44,-8.83
15.46,1453.76,22.35,-10.79
15.47,1454.15,22.25,-10.3
15.48,1453.86,22.15,-8.83
15.49,1454.24,22.06,-8.83
15.5,1454.73,21.97,-9.32
15.51,1454.73,21.88,-8.83
15.52,1455.11,21.79,-9.32
15.53,1454.73,21.7,-9.32
15.54,1454.73,21.6,-8.83
15.55,1455.21,21.51,-9.32
15.56,1455.31,21.42,-8.83
15.57,1455.5,21.33,-8.83
15.58,1455.4,21.24,-9.32
15.59,1455.98,21.15,-8.34
15.6,1455.89,21.06,-9.32
15.61,1456.47,20.97,-9.81
15.62,1456.37,20.88,-9.32
15.63,1456.56,20.79,-8.83
15.64,1456.56,20.69,-9.32
15.65,1457.14,20.6,-9.32
15.66,1456.85,20.51,-9.32
15.67,1457.14,20.42,-8.83
15.68,1457.05,20.33,-9.32
15.69,1456.95,20.23,-9.32
15.7,1457.72,20.14,-8.83
15.7,1457.72,20.14,-8.83
15.71,1457.72,20.05,-9.32
15.72,1457.92,19.97,-8.34
15.73,1458.3,19.88,-8.83
15.74,1458.11,19.79,-8.83
15.75,1457.82,19.7,-8.83
15.76,1457.92,19.61,-9.81
15.77,1458.5,19.51,-9.32
15.78,1458.21,19.42,-8.83
15.79,1458.5,19.33,-9.32
15.8,1458.88,19.24,-8.83
15.81,1459.46,19.15,-9.81
15.82,1458.79,19.05,-9.32
15.83,1459.37,18.96,-9.32
15.84,1459.37,18.86,-10.3
15.85,1459.66,18.77,-9.81
15.86,1459.75,18.67,-8.83
15.87,1459.66,18.58,-8.83
15.88,1459.75,18.49,-8.83
15.89,1459.75,18.4,-9.32
15.9,1460.24,18.31,-8.34
15.91,1460.04,18.22,-8.83
15.92,1461.01,18.13,-9.32
15.93,1460.91,18.04,-8.83
15.94,1460.04,17.95,-9.81
15.95,1460.82,17.86,-8.34
15.96,1460.82,17.77,-9.81
15.97,1461.2,17.68,-8.83
15.98,1460.82,17.58,-9.32
15.99,1460.72,17.49,-9.81
16,1461.2,17.4,-9.32
16.01,1460.82,17.3,-8.83
16.02,1461.4,17.21,-9.81
16.02,1461.4,17.21,-9.81
16.03,1461.59,17.12,-8.83
16.04,1461.59,17.03,-8.34
16.05,1462.07,16.95,-9.32
16.06,1461.4,16.86,-7.85
16.07,1461.78,16.77,-8.83
16.08,1462.17,16.69,-7.85
16.09,1462.85,16.6,-9.32
16.1,1462.17,16.51,-9.32
16.11,1462.07,16.42,-9.32
16.12,1462.66,16.33,-8.83
16.13,1462.07,16.24,-8.83
16.14,1462.66,16.15,-9.32
16.15,1462.46,16.06,-8.83
16.16,1463.14,15.97,-9.32
16.17,1462.66,15.87,-9.32
16.18,1462.36,15.78,-9.32
16.19,1463.14,15.69,-8.83
16.2,1463.24,15.6,-8.83
16.21,1463.24,15.51,-8.83
16.22,1463.14,15.42,-8.83
16.23,1463.53,15.33,-9.32
16.24,1463.04,15.24,-9.32
16.25,1463.14,15.14,-10.3
16.26,1463.33,15.05,-9.81
16.27,1463.62,14.95,-9.32
16.28,1463.72,14.86,-9.32
16.29,1464.2,14.76,-9.81
16.3,1464.01,14.67,-8.83
16.31,1464.11,14.58,-9.32
16.32,1463.91,14.48,-8.83
16.33,1464.59,14.39,-9.32
16.34,1464.4,14.3,-9.32
16.34,1464.4,14.3,-9.32
16.35,1464.3,14.21,-8.34
16.36,1464.2,14.13,-8.83
16.37,1464.59,14.04,-9.32
16.38,1464.59,13.95,-7.85
16.39,1464.59,13.86,-8.83
16.4,1464.78,13.78,-9.32
16.41,1464.69,13.69,-8.34
16.42,1465.07,13.6,-9.32
16.43,1465.56,13.5,-9.32
16.44,1465.27,13.41,-9.32
16.45,1464.98,13.32,-9.81
16.46,1465.27,13.23,-8.83
16.47,1465.27,13.14,-8.83
16.48,1465.27,13.05,-9.32
16.49,1464.98,12.95,-8.83
16.5,1465.46,12.87,-9.32
16.51,1465.27,12.78,-8.83
16.52,1465.75,12.69,-8.34
16.53,1465.27,12.6,-9.32
16.54,1465.27,12.51,-8.83
16.55,1465.65,12.42,-8.34
16.56,1465.85,12.33,-9.32
16.57,1465.65,12.24,-9.32
16.58,1466.23,12.15,-9.32
16.59,1466.04,12.06,-8.83
16.6,1466.14,11.96,-9.81
16.61,1465.65,11.87,-9.32
16.62,1466.33,11.78,-9.32
16.63,1465.46,11.68,-9.32
16.64,1466.04,11.59,-9.81
16.65,1466.33,11.49,-9.32
16.66,1466.14,11.4,-9.32
16.66,1466.14,11.4,-9.32
16.67,1466.43,11.31,-8.83
16.68,1466.23,11.22,-8.83
16.69,1466.62,11.13,-9.32
16.7,1466.72,11.04,-8.34
16.71,1465.85,10.95,-8.83
16.72,1466.72,10.86,-9.32
16.73,1467.3,10.77,-8.83
16.74,1466.33,10.68,-9.81
16.75,1466.53,10.59,-9.32
16.76,1466.33,10.5,-8.83
16.77,1465.75,10.41,-8.83
16.78,1466.23,10.32,-8.83
16.79,1466.23,10.23,-8.83
16.8,1466.33,10.14,-9.32
16.81,1467.01,10.05,-8.34
16.82,1466.82,9.96,-8.83
16.83,1466.43,9.87,-9.81
16.84,1466.53,9.78,-8.83
16.85,1466.91,9.69,-8.83
16.86,1466.62,9.6,-8.83
16.87,1466.62,9.51,-8.34
16.88,1466.72,9.42,-9.81
16.89,1467.01,9.33,-9.32
16.9,1467.01,9.24,-9.32
16.91,1466.53,9.15,-8.83
16.92,1467.2,9.05,-9.32
16.93,1466.91,8.96,-9.32
16.94,1467.01,8.87,-8.83
16.95,1467.49,8.78,-9.81
16.96,1467.4,8.68,-8.83
16.97,1467.59,8.59,-9.32
16.98,1467.4,8.49,-9.32
16.98,1467.4,8.49,-9.32
16.99,1467.4,8.4,-10.3
17,1467.2,8.3,-10.3
17.01,1467.3,8.2,-10.3
17.02,1467.3,8.1,-10.3
17.03,1467.11,8,-9.32
17.04,1467.78,7.9,-9.81
17.05,1467.4,7.83,-8.83
17.05,1467.4,7.83,-8.83
17.06,1467.2,2.14,-10.3
17.16,1467.49,1.32,-9.81
17.26,1468.46,0.49,-9.32
17.3,1468.46,0.49,-9.32
17.36,1468.07,-0.34,-9.32
17.46,1468.65,-1.17,-9.32
17.56,1468.17,-1.99,-8.83
17.62,1468.17,-1.99,-8.83
17.66,1468.36,-2.8,-8.83
17.76,1468.56,-3.6,-8.83
17.86,1468.94,-4.37,-8.83
17.94,1468.94,-4.37,-8.83
17.96,1468.56,-5.07,-8.83
18.06,1466.91,-5.69,-9.32
18.16,1467.01,-6.26,-9.32
18.26,1466.33,-6.78,-8.83
18.26,1466.33,-6.78,-8.83
18.36,1465.27,-7.26,-8.83
18.46,1462.95,-7.78,-9.32
18.56,1460.43,-8.32,-8.83
18.58,1460.43,-8.32,-8.83
18.66,1459.66,-8.89,-9.32
18.76,1458.79,-9.49,-9.32
18.86,1458.11,-10.13,-8.34
18.9,1458.11,-10.13,-8.34
18.96,1456.37,-10.82,-9.81
19.06,1457.92,-11.59,-10.79
19.16,1455.11,-12.44,-8.83
19.22,1455.11,-12.44,-8.83
19.26,1453.28,-13.39,-8.83
19.36,1452.7,-14.45,-9.81
19.46,1452.02,-15.59,-8.83
19.54,1452.02,-15.59,-8.83
19.56,1450.76,-16.78,-9.32
19.66,1451.05,-18.02,-8.34
19.76,1449.41,-19.25,-10.79
19.86,1449.51,-20.44,-9.81
19.86,1449.51,-20.44,-9.81
19.96,1451.54,-21.64,-9.32
20.06,1455.79,-22.8,-8.83
20.16,1451.25,-23.91,-14.22
20.18,1451.25,-23.91,-14.22
20.26,1447.09,-24.92,-7.35
20.36,1440.91,-25.85,-3.43
20.46,1427.41,-26.69,-4.41
20.5,1427.41,-26.69,-4.41
20.56,1422.49,-27.42,-4.9
20.66,1417.68,-28.01,-6.37
20.76,1416.43,-28.46,-7.85
20.82,1416.43,-28.46,-7.85
20.86,1417.1,-28.77,-7.85
20.96,1415.66,-28.97,-12.26
21.06,1411.52,-29.03,-14.71
21.14,1411.52,-29.03,-14.71
21.16,1407.76,-29.02,-12.26
21.26,1404.01,-28.92,-9.81
21.36,1399.4,-28.79,-10.3
21.46,1398.53,-28.64,-9.81
21.46,1398.53,-28.64,-9.81
21.56,1399.49,-28.5,-12.75
21.66,1398.63,-28.39,-15.2
21.76,1400.07,-28.3,-16.18
21.78,1400.07,-28.3,-16.18
21.86,1400.17,-28.26,-15.2
21.96,1392,-28.25,-13.24
22.06,1385.57,-28.26,-11.77
22.1,1385.57,-28.26,-11.77
22.16,1381.05,-28.35,-13.73
22.26,1377.22,-28.5,-13.73
22.36,1372.52,-28.71,-16.18
22.42,1372.52,-28.71,-16.18
22.46,1368.49,-28.99,-13.73
22.56,1365.62,-29.28,-13.73
22.66,1364.09,-29.57,-13.73
22.74,1364.09,-29.57,-13.73
22.76,1365.33,-29.82,-12.75
22.86,1365.24,-30.04,-15.2
22.96,1361.31,-30.22,-16.67
23.06,1362.46,-30.38,-14.71
23.06,1362.46,-30.38,-14.71
23.16,1357.38,-30.5,-16.67
23.26,1355.85,-30.56,-13.73
23.36,1347.72,-30.58,-16.18
23.38,1347.72,-30.58,-16.18
23.46,1342.75,-30.53,-14.71
23.56,1337.11,-30.41,-16.67
23.66,1333.1,-30.23,-17.65
23.7,1333.1,-30.23,-17.65
23.76,1330.61,-30.01,-18.63
23.86,1327.85,-29.77,-17.65
23.96,1326.51,-29.58,-19.12
24.02,1326.51,-29.58,-19.12
24.06,1325.27,-29.42,-16.18
24.16,1323.36,-29.27,-18.63
24.26,1319.07,-29.11,-19.12
24.34,1319.07,-29.11,-19.12
24.36,1317.07,-28.97,-16.18
24.46,1312.4,-28.84,-20.1
24.56,1308.87,-28.77,-19.12
24.66,1304.58,-28.71,-18.14
24.66,1304.58,-28.71,-18.14
24.76,1302.59,-28.69,-20.59
24.86,1300.59,-28.73,-17.16
24.96,1298.49,-28.85,-18.63
24.98,1298.49,-28.85,-18.63
25.06,1296.3,-29.01,-17.65
25.16,1296.3,-29.25,-18.14
25.26,1295.16,-29.54,-17.65
25.3,1295.16,-29.54,-17.65
25.36,1292.31,-29.9,-16.67
25.46,1289.74,-30.24,-17.65
25.56,1285.84,-30.52,-16.18
25.62,1285.84,-30.52,-16.18
25.66,1283.18,-30.81,-16.18
25.76,1277.96,-31.08,-18.14
25.86,1272.45,-31.34,-18.63
25.94,1272.45,-31.34,-18.63
25.96,1265.71,-31.54,-14.22
26.06,1260.4,-31.7,-13.73
26.16,1258.32,-31.82,-17.16
26.26,1259.36,-31.91,-20.1
26.26,1259.36,-31.91,-20.1
26.36,1258.32,-31.96,-20.59
26.46,1255.09,-31.98,-17.65
26.56,1248.75,-31.98,-14.22
26.58,1248.75,-31.98,-14.22
26.66,1247.8,-31.95,-16.67
26.76,1244.49,-31.9,-17.16
26.86,1239.75,-31.86,-19.12
26.9,1239.75,-31.86,-19.12
26.96,1236.35,-31.82,-18.63
27.06,1233.51,-31.78,-20.1
27.16,1229.16,-31.72,-17.65
27.22,1229.16,-31.72,-17.65
27.26,1225.85,-31.63,-19.12
27.36,1221.32,-31.53,-17.65
27.46,1225.48,-31.47,-18.63
27.54,1225.48,-31.47,-18.63
27.56,1228.88,-31.44,-19.61
27.66,1218.58,-31.42,-18.63
27.76,1210.37,-31.43,-16.18
27.86,1204.43,-31.45,-18.14
27.86,1204.43,-31.45,-18.14
27.96,1203.39,-31.45,-18.63
28.06,1200.56,-31.42,-17.65
28.16,1198.02,-31.34,-17.65
28.18,1198.02,-31.34,-17.65
28.26,1195,-31.21,-17.16
28.36,1193.59,-31.05,-17.16
28.46,1192.46,-30.88,-17.16
28.5,1192.46,-30.88,-17.16
28.56,1187.09,-30.72,-17.65
28.66,1184.65,-30.53,-17.65
28.76,1181.17,-30.31,-18.14
28.82,1181.17,-30.31,-18.14
28.86,1174.3,-30.1,-17.16
28.96,1171.2,-29.87,-16.18
29.06,1169.7,-29.62,-20.1
29.14,1169.7,-29.62,-20.1
29.16,1168.57,-29.35,-20.59
29.26,1172.33,-29.07,-22.56
29.36,1168.38,-28.78,-18.14
29.46,1159.93,-28.46,-20.59
29.46,1159.93,-28.46,-20.59
29.56,1153.27,-28.12,-20.1
29.66,1149.05,-27.89,-21.57
29.76,1145.95,-27.73,-18.14
29.78,1145.95,-27.73,-18.14
29.86,1143.8,-27.66,-17.65
29.96,1146.05,-27.63,-19.61
30.06,1145.67,-27.67,-18.63
30.1,1145.67,-27.67,-18.63
30.16,1143.7,-27.76,-19.12
30.26,1139.86,-27.95,-17.16
30.36,1135.74,-28.23,-18.14
30.42,1135.74,-28.23,-18.14
30.46,1133.96,-28.6,-19.12
30.56,1128.34,-29.07,-18.63
30.66,1125.07,-29.61,-17.16
30.74,1125.07,-29.61,-17.16
30.76,1126,-30.22,-19.61
30.86,1121.42,-30.9,-19.12
30.96,1118.52,-31.61,-17.65
31.06,1117.87,-32.3,-17.16
31.06,1117.87,-32.3,-17.16
31.16,1115.53,-32.93,-13.73
31.26,1114.5,-33.48,-15.69
31.36,1110.48,-34.03,-16.67
31.38,1110.48,-34.03,-16.67
31.46,1106.84,-34.55,-15.69
31.56,1104.51,-35,-15.2
31.66,1095.46,-35.34,-17.16
31.7,1095.46,-35.34,-17.16
31.76,1089.39,-35.56,-15.2
31.86,1082.22,-35.65,-17.16
31.96,1079.33,-35.63,-16.18
32.02,1079.33,-35.63,-16.18
32.06,1076.82,-35.47,-17.16
32.16,1076.35,-35.18,-17.65
32.26,1071.23,-34.81,-17.65
32.34,1071.23,-34.81,-17.65
32.36,1064.91,-34.38,-16.18
32.46,1061.56,-33.83,-15.69
32.56,1059.33,-33.28,-18.63
32.66,1056.91,-32.72,-21.08
32.66,1056.91,-32.72,-21.08
32.76,1054.31,-32.15,-21.08
32.86,1049.76,-31.61,-17.16
32.96,1047.07,-31.08,-15.69
32.98,1047.07,-31.08,-15.69
33.06,1045.95,-30.57,-18.63
33.16,1047.16,-30.11,-17.65
33.26,1045.49,-29.7,-18.14
33.3,1045.49,-29.7,-18.14
33.36,1035.75,-29.42,-18.63
33.46,1031.39,-29.24,-16.67
33.56,1027.78,-29.11,-15.69
33.62,1027.78,-29.11,-15.69
33.66,1026.94,-29.07,-19.12
33.76,1024.07,-29.12,-19.61
33.86,1021.2,-29.26,-18.63
33.94,1021.2,-29.26,-18.63
33.96,1016.39,-29.46,-19.12
34.06,1017.96,-29.65,-16.18
34.16,1020.27,-29.85,-11.28
34.26,1015.09,-30.11,-14.22
34.26,1015.09,-30.11,-14.22
34.36,1010.74,-30.41,-17.65
34.46,1013.7,-30.73,-14.22
34.56,1002.88,-31.06,-13.24
34.58,1002.88,-31.06,-13.24
34.66,997.71,-31.38,-11.28
34.76,990.78,-31.68,-12.26
34.86,988.84,-31.95,-13.73
34.9,988.84,-31.95,-13.73
34.96,989.76,-32.2,-13.73
35.06,990.32,-32.41,-14.71
35.16,984.97,-32.59,-18.63
35.22,984.97,-32.59,-18.63
35.26,982.94,-32.74,-15.2
35.36,973.16,-32.89,-13.73
35.46,968.83,-32.99,-15.2
35.54,968.83,-32.99,-15.2
35.56,971.32,-33.05,-18.14
35.66,969.48,-33.06,-18.63
35.76,963.21,-33.05,-15.69
35.86,956.03,-33.01,-18.14
35.86,956.03,-33.01,-18.14
35.96,953.55,-32.97,-16.18
36.06,956.22,-32.88,-21.57
36.16,952.54,-32.72,-16.18
36.18,952.54,-32.72,-16.18
36.26,947.21,-32.58,-19.12
36.36,942.06,-32.44,-19.12
36.46,937.74,-32.29,-15.69
36.5,937.74,-32.29,-15.69
36.56,933.43,-32.19,-16.18
36.66,931.13,-32.07,-17.65
36.76,930.4,-31.96,-22.56
36.82,930.4,-31.96,-22.56
36.86,929.39,-31.83,-20.59
36.96,925.53,-31.7,-19.12
37.06,921.04,-31.56,-20.1
37.14,921.04,-31.56,-20.1
37.16,916,-31.46,-19.12
37.26,913.16,-31.38,-18.63
37.36,912.15,-31.35,-18.14
37.46,909.86,-31.33,-20.59
37.46,909.86,-31.33,-20.59
37.56,906.01,-31.26,-18.63
37.66,901.71,-31.17,-19.12
37.76,896.5,-31.15,-18.14
37.78,896.5,-31.15,-18.14
37.86,893.3,-31.16,-18.63
37.96,890.46,-31.18,-18.14
38.06,889.09,-31.18,-18.63
38.1,889.09,-31.18,-18.63
38.16,889.55,-31.19,-18.63
38.26,886.99,-31.2,-17.16
38.36,881.32,-31.24,-17.16
38.42,881.32,-31.24,-17.16
38.46,876.58,-31.29,-17.16
38.56,872.47,-31.33,-16.18
38.66,872.38,-31.36,-19.61
38.74,872.38,-31.36,-19.61
38.76,870.46,-31.37,-18.63
38.86,864.71,-31.36,-16.67
38.96,859.43,-31.35,-19.12
39.06,855.87,-31.37,-20.1
39.06,855.87,-31.37,-20.1
39.16,853.14,-31.4,-21.08
39.26,849.86,-31.43,-19.61
39.36,847.5,-31.42,-19.12
39.38,847.5,-31.42,-19.12
39.46,845.22,-31.38,-18.63
39.56,846.49,-31.36,-20.59
39.66,846.49,-31.36,-16.67
39.7,846.49,-31.36,-16.67
39.76,836.58,-31.38,-20.1
39.86,831.49,-31.38,-19.12
39.96,826.94,-31.36,-18.14
40.02,826.94,-31.36,-18.14
40.06,824.13,-31.33,-17.16
40.16,823.58,-31.29,-21.57
40.26,822.04,-31.28,-17.65
40.34,822.04,-31.28,-17.65
40.36,817.86,-31.28,-17.65
40.46,813.23,-31.29,-19.61
40.56,811.51,-31.32,-14.71
40.66,808.34,-31.32,-18.63
40.66,808.34,-31.32,-18.63
40.76,805.43,-31.34,-19.61
40.86,803.17,-31.37,-19.61
40.96,800.18,-31.41,-18.14
40.98,800.18,-31.41,-18.14
41.06,793.2,-31.46,-15.69
41.16,790.67,-31.49,-20.1
41.26,787.68,-31.52,-20.1
41.3,787.68,-31.52,-20.1
41.36,787.68,-31.53,-19.12
41.46,788.04,-31.55,-16.18
41.56,780.08,-31.54,-21.57
41.62,780.08,-31.54,-21.57
41.66,774.48,-31.53,-18.63
41.76,771.22,-31.54,-19.61
41.86,769.87,-31.56,-19.12
41.94,769.87,-31.56,-19.12
41.96,769.69,-31.58,-19.12
42.06,765.17,-31.55,-19.61
42.16,761.47,-31.49,-18.14
42.26,756.06,-31.4,-21.08
42.26,756.06,-31.4,-21.08
42.36,753.17,-31.32,-20.59
42.46,752.63,-31.24,-15.69
42.56,747.4,-31.15,-20.1
42.58,747.4,-31.15,-20.1
42.66,744.69,-31.03,-18.63
42.76,740.73,-30.92,-18.14
42.86,738.84,-30.81,-22.06
42.9,738.84,-30.81,-22.06
42.96,736.14,-30.71,-21.57
43.06,731.55,-30.63,-19.12
43.16,729.21,-30.54,-18.14
43.22,729.21,-30.54,-18.14
43.26,726.78,-30.43,-21.08
43.36,725.16,-30.32,-19.12
43.46,719.76,-30.19,-22.56
43.54,719.76,-30.19,-22.56
43.56,715.99,-30.11,-20.1
43.66,713.56,-30.06,-20.59
43.76,713.02,-30.03,-19.12
43.86,708.26,-29.99,-17.65
43.86,708.26,-29.99,-17.65
43.96,704.31,-29.86,-19.12
44.06,704.04,-29.78,-18.63
44.16,701.08,-29.71,-19.61
44.18,701.08,-29.71,-19.61
44.26,698.93,-29.67,-17.65
44.36,693.45,-29.62,-16.18
44.46,688.61,-29.58,-17.16
44.5,688.61,-29.58,-17.16
44.56,686.64,-29.54,-17.16
44.66,685.84,-29.51,-18.14
44.76,681.54,-29.48,-20.1
44.82,681.54,-29.48,-20.1
44.86,676.97,-29.47,-17.16
44.96,674.01,-29.47,-16.67
45.06,672.4,-29.49,-16.67
45.14,672.4,-29.49,-16.67
45.16,669.9,-29.49,-17.16
45.26,670.44,-29.48,-19.61
45.36,663.37,-29.48,-17.65
45.46,664.89,-29.48,-19.61
45.46,664.89,-29.48,-19.61
45.56,658.1,-29.52,-17.65
45.66,652.02,-29.55,-18.63
45.76,649.25,-29.59,-16.18
45.78,649.25,-29.59,-16.18
45.86,648,-29.64,-17.16
45.96,656.76,-29.66,-19.61
46.06,645.06,-29.68,-19.12
46.1,645.06,-29.68,-19.12
46.16,641.85,-29.71,-17.16
46.26,634.98,-29.75,-15.69
46.36,633.91,-29.83,-17.65
46.42,633.91,-29.83,-17.65
46.46,627.85,-29.92,-18.63
46.56,628.65,-30,-19.61
46.66,625,-30.07,-18.63
46.74,625,-30.07,-18.63
46.76,623.48,-30.17,-17.65
46.86,618.32,-30.29,-14.71
46.96,615.12,-30.41,-16.67
47.06,611.82,-30.49,-18.14
47.06,611.82,-30.49,-18.14
47.16,613.25,-30.58,-19.12
47.26,611.38,-30.66,-18.63
47.36,606.84,-30.74,-18.63
47.38,606.84,-30.74,-18.63
47.46,604.8,-30.78,-19.61
47.56,597.42,-30.82,-17.16
47.66,593.69,-30.84,-15.69
47.7,593.69,-30.84,-15.69
47.76,589.43,-30.83,-16.18
47.86,587.74,-30.74,-19.61
47.96,591.47,-30.57,-22.56
48.02,591.47,-30.57,-22.56
48.06,583.75,-30.43,-21.57
48.16,580.65,-30.28,-21.57
48.26,574.17,-30.11,-17.65
48.34,574.17,-30.11,-17.65
48.36,569.83,-29.89,-18.14
48.46,567.71,-29.67,-17.16
48.56,566.55,-29.44,-17.65
48.66,563.99,-29.22,-17.16
48.66,563.99,-29.22,-17.16
48.76,560.09,-29.02,-15.69
48.86,556.2,-28.87,-16.18
48.96,553.46,-28.77,-14.22
48.98,553.46,-28.77,-14.22
49.06,555.22,-28.7,-15.69
49.16,551.77,-28.65,-16.18
49.26,545.5,-28.63,-19.12
49.3,545.5,-28.63,-19.12
49.36,544.61,-28.7,-17.16
49.46,543.91,-28.84,-18.63
49.56,540.81,-29.04,-16.67
49.62,540.81,-29.04,-16.67
49.66,536.93,-29.26,-21.08
49.76,534.1,-29.5,-18.14
49.86,533.93,-29.76,-16.67
49.94,533.93,-29.76,-16.67
49.96,529.51,-29.99,-14.22
50.06,527.04,-30.26,-14.71
50.16,519.46,-30.53,-14.71
50.26,517.78,-30.79,-15.2
50.26,517.78,-30.79,-15.2
50.36,518.22,-31.04,-15.69
50.46,513.99,-31.24,-15.69
50.56,507.83,-31.4,-14.71
50.58,507.83,-31.4,-14.71
50.66,505.54,-31.51,-17.65
50.76,500.61,-31.59,-18.14
50.86,496.21,-31.63,-14.71
50.9,496.21,-31.63,-14.71
50.96,494.27,-31.59,-18.14
51.06,492.43,-31.51,-18.14
51.16,491.99,-31.41,-16.18
51.22,491.99,-31.41,-16.18
51.26,489.61,-31.32,-18.14
51.36,483.02,-31.18,-19.61
51.46,477.31,-31.03,-18.14
51.54,477.31,-31.03,-18.14
51.56,475.82,-30.88,-17.65
51.66,476.52,-30.74,-17.65
51.76,472.05,-30.61,-18.63
51.86,467.57,-30.45,-15.69
51.86,467.57,-30.45,-15.69
51.96,464.85,-30.32,-17.16
52.06,461.7,-30.18,-19.12
52.16,456.53,-30.04,-17.16
52.18,456.53,-30.04,-17.16
52.26,454.69,-29.9,-17.65
52.36,451.62,-29.75,-18.14
52.46,448.47,-29.62,-19.61
52.5,448.47,-29.62,-19.61
52.56,446.19,-29.52,-16.18
52.66,444,-29.4,-18.63
52.76,441.9,-29.28,-22.06
52.82,441.9,-29.28,-22.06
52.86,438.58,-29.17,-19.12
52.96,441.55,-29.07,-19.12
53.06,433.51,-28.96,-19.12
53.14,433.51,-28.96,-19.12
53.16,429.05,-28.87,-18.14
53.26,424.86,-28.81,-15.2
53.36,423.9,-28.79,-19.61
53.46,418.04,-28.81,-20.59
53.46,418.04,-28.81,-20.59
53.56,415.95,-28.86,-18.63
53.66,412.9,-28.91,-16.18
53.76,409.76,-29.01,-15.69
53.78,409.76,-29.01,-15.69
53.86,408.97,-29.16,-16.67
53.96,406.62,-29.33,-19.61
54.06,404.61,-29.53,-20.1
54.1,404.61,-29.53,-20.1
54.16,406.18,-29.75,-17.65
54.26,399.99,-29.98,-13.73
54.36,395.81,-30.21,-13.73
54.42,395.81,-30.21,-13.73
54.46,392.32,-30.45,-13.24
54.56,388.32,-30.67,-12.26
54.66,387.19,-30.87,-14.22
54.74,387.19,-30.87,-14.22
54.76,386.32,-31.04,-16.18
54.86,381.27,-31.18,-16.18
54.96,376.14,-31.27,-17.16
55.06,373.62,-31.35,-19.12
55.06,373.62,-31.35,-19.12
55.16,369.36,-31.41,-18.14
55.26,364.84,-31.43,-16.67
55.36,362.5,-31.39,-18.63
55.38,362.5,-31.39,-18.63
55.46,359.2,-31.32,-22.06
55.56,355.64,-31.21,-18.63
55.66,353.39,-31.08,-15.2
55.7,353.39,-31.08,-15.2
55.76,349.14,-30.92,-18.14
55.86,346.97,-30.74,-25.01
55.96,344.2,-30.56,-19.12
56.02,344.2,-30.56,-19.12
56.06,340.3,-30.39,-19.12
56.16,339.52,-30.19,-17.16
56.26,335.36,-30.05,-17.65
56.34,335.36,-30.05,-17.65
56.36,333.19,-29.94,-19.12
56.46,329.99,-29.84,-19.12
56.56,326.62,-29.76,-18.63
56.66,323.85,-29.7,-21.57
56.66,323.85,-29.7,-21.57
56.76,322.12,-29.66,-17.16
56.86,319.18,-29.65,-19.12
56.96,315.72,-29.67,-20.59
56.98,315.72,-29.67,-20.59
57.06,311.57,-29.69,-18.63
57.16,307.77,-29.73,-18.63
57.26,306.13,-29.78,-19.61
57.3,306.13,-29.78,-19.61
57.36,303.11,-29.82,-22.06
57.46,300.26,-29.83,-16.67
57.56,297.41,-29.85,-18.63
57.62,297.41,-29.85,-18.63
57.66,293.62,-29.86,-20.1
57.76,291.46,-29.87,-18.63
57.86,287.84,-29.87,-22.06
57.94,287.84,-29.87,-22.06
57.96,284.48,-29.86,-19.12
58.06,281.29,-29.85,-24.52
58.16,281.38,-29.81,-21.08
58.26,276.29,-29.78,-17.65
58.26,276.29,-29.78,-17.65
58.36,272.51,-29.74,-17.65
58.46,270.27,-29.69,-16.67
58.56,269.15,-29.66,-17.65
58.58,269.15,-29.66,-17.65
58.66,264.16,-29.62,-21.08
58.76,260.38,-29.55,-18.14
58.86,256.94,-29.52,-18.63
58.9,256.94,-29.52,-18.63
58.96,254.19,-29.49,-19.61
59.06,252.13,-29.48,-19.12
59.16,248.09,-29.46,-18.63
59.22,248.09,-29.46,-18.63
59.26,246.72,-29.44,-17.65
59.36,243.63,-29.44,-16.67
59.46,243.88,-29.43,-17.16
59.54,243.88,-29.43,-17.16
59.56,237.88,-29.43,-18.63
59.66,235.22,-29.46,-19.61
59.76,231.87,-29.49,-17.65
59.86,228.53,-29.53,-18.14
59.86,228.53,-29.53,-18.14
59.96,225.7,-29.57,-15.69
60.06,222.1,-29.63,-17.65
60.16,220.82,-29.66,-17.16
60.18,220.82,-29.66,-17.16
60.26,217.05,-29.68,-20.1
60.36,215.43,-29.59,-18.14
60.46,211.83,-29.49,-17.16
60.5,211.83,-29.49,-17.16
60.56,207.04,-29.29,-15.69
60.66,205.16,-29,-18.14
60.76,205.42,-28.68,-18.14
60.82,205.42,-28.68,-18.14
60.86,197.81,-28.34,-19.61
60.96,194.9,-27.96,-20.59
61.06,192.51,-27.53,-20.1
61.14,192.51,-27.53,-20.1
61.16,191.57,-27.07,-17.65
61.26,186.53,-26.59,-22.06
61.36,184.14,-25.98,-21.08
61.46,182.61,-25.34,63.74
61.46,182.61,-25.34,63.74
61.49,182.61,-25.34,63.74
61.56,178.68,-24.68,-19.12
61.66,173.99,-24.12,-20.59
61.76,170.84,-23.61,-19.61
61.78,170.84,-23.61,-19.61
61.86,168.62,-23.16,-23.54
61.96,166.66,-22.77,-25.5
62.06,163,-22.44,-25.99
62.1,163,-22.44,-25.99
62.16,161.21,-22.18,-20.1
62.26,161.38,-21.99,-12.26
62.36,172.29,-21.87,-11.77
62.42,172.29,-21.87,-11.77
62.46,162.15,-21.81,-7.35
62.56,164.19,-21.8,-10.3
62.66,167.34,-21.81,-6.37
62.74,167.34,-21.81,-6.37
62.76,156.53,-21.81,18.63
62.86,146.58,-21.83,23.05
62.96,144.11,-21.8,-14.22
63.06,140.29,-21.72,-17.65
63.06,140.29,-21.72,-17.65
63.16,140.88,-21.53,-14.22
63.26,137.57,-21.25,-11.28
63.36,153.04,-20.87,-10.79
63.38,153.04,-20.87,-10.79
63.46,147.85,-20.36,-5.39
63.56,146.66,-19.73,-4.9
63.66,126.87,-19,390.8
63.7,126.87,-19,390.8
63.76,123.3,-18.17,5.39
63.86,121.95,-17.22,-3.43
63.96,121.18,-16.2,-5.39
64.02,121.18,-16.2,-5.39
64.06,120.76,-15.14,-72.08
64.16,120.5,-14.03,69.14
64.26,119.06,-12.92,21.08
64.34,119.06,-12.92,21.08
64.36,118.04,-11.77,-3.43
64.46,118.04,-10.74,18.14
64.56,117.96,-9.77,19.61
64.66,116.77,-8.88,10.3
64.66,116.77,-8.88,10.3
64.76,117.54,-8.15,2.94
64.86,116.6,-7.57,12.26
64.96,117.11,-7.08,-2.45
64.98,117.11,-7.08,-2.45
65.06,114.65,-6.71,-1.96
65.16,117.54,-6.42,10.3
65.26,119.06,-6.23,7.35
65.3,119.06,-6.23,7.35
65.36,116.26,-6.05,-0.98
65.46,114.57,-5.98,2.45
65.56,116.6,-6,6.86
65.62,116.6,-6,6.86
65.66,114.4,-6.15,0.49
65.76,111.01,-6.32,8.34
65.86,114.65,-6.47,5.39
65.94,114.65,-6.47,5.39
65.96,110.16,-6.59,4.9
66.06,110.33,-6.68,4.41
66.16,111.43,-6.73,4.9
66.26,107.37,-6.75,4.41
66.26,107.37,-6.75,4.41
66.36,107.87,-6.73,4.41
66.46,107.79,-6.67,4.41
66.56,105.76,-6.58,3.43
66.58,105.76,-6.58,3.43
66.66,105.08,-6.46,2.94
66.76,105.16,-6.3,0
66.86,104.06,-6.14,-0.49
66.9,104.06,-6.14,-0.49
66.96,103.55,-5.95,0
67.06,102.96,-5.77,-0.49
67.16,102.2,-5.57,-0.49
67.22,102.2,-5.57,-0.49
67.26,101.69,-5.36,-1.47
67.36,101.86,-5.17,-1.96
67.46,101.52,-5,-1.47
67.54,101.52,-5,-1.47
67.56,101.78,-4.81,-0.98
67.66,101.01,-4.65,0.49
67.76,100.34,-4.51,0.98
67.86,99.74,-4.35,0
67.86,99.74,-4.35,0
67.96,99.24,-4.23,0
68.06,98.73,-4.12,0
68.16,97.63,-4.01,0.98
68.18,97.63,-4.01,0.98
68.26,97.71,-3.92,0
68.36,97.46,-3.84,-0.49
68.46,96.61,-3.77,-0.49
68.5,96.61,-3.77,-0.49
68.56,96.95,-3.71,0
68.66,95.94,-3.67,0.49
68.76,96.36,-3.63,-0.49
68.82,96.36,-3.63,-0.49
68.86,95.43,-3.61,-0.98
68.96,95.26,-3.6,0
69.06,94.67,-3.6,0
69.14,94.67,-3.6,0
69.16,94.67,-3.61,-0.49
69.26,94.67,-3.63,0
69.36,94.16,-3.66,0
69.46,94.5,-3.7,-0.49
69.46,94.5,-3.7,-0.49
69.56,94.58,-3.74,0.49
69.66,93.99,-3.78,0.98
69.76,93.23,-3.83,0.49
69.78,93.23,-3.83,0.49
69.86,92.47,-3.88,-0.98
69.96,91.71,-3.93,-0.49
70.06,90.94,-3.97,-1.47
70.1,90.94,-3.97,-1.47
70.16,90.69,-4.01,0
70.26,90.69,-4.05,-0.98
70.36,90.18,-4.07,0
70.42,90.18,-4.07,0
70.46,89.76,-4.09,-0.98
70.56,89.51,-4.1,-1.47
70.66,88.75,-4.12,-1.47
70.74,88.75,-4.12,-1.47
70.76,88.58,-4.14,0
70.86,87.98,-4.16,0.98
70.96,87.31,-4.19,-1.47
71.06,87.39,-4.23,-1.96
71.06,87.39,-4.23,-1.96
71.16,87.22,-4.28,-2.94
71.26,86.21,-4.33,-0.98
71.36,86.04,-4.4,-0.49
71.38,86.04,-4.4,-0.49
71.46,85.53,-4.47,-0.98
71.56,85.7,-4.54,0
71.66,85.45,-4.62,0
71.7,85.45,-4.62,0
71.76,84.52,-4.7,-1.96
71.86,84.26,-4.79,-0.98
71.96,83.67,-4.87,-0.98
72.02,83.67,-4.87,-0.98
72.06,83.34,-4.95,-0.98
72.16,82.83,-5.01,-1.47
72.26,82.15,-5.06,-0.49
72.34,82.15,-5.06,-0.49
72.36,82.07,-5.1,0
72.46,81.73,-5.12,-0.98
72.56,80.97,-5.12,-0.49
72.66,79.45,-5.12,-0.49
72.66,79.45,-5.12,-0.49
72.76,78.6,-5.09,-0.49
72.86,77.67,-5.05,-0.98
72.96,77.59,-5.01,0
72.98,77.59,-5.01,0
73.06,76.24,-4.95,0.98
73.16,76.41,-4.88,0
73.26,76.24,-4.81,0
73.3,76.24,-4.81,0
73.36,76.07,-4.73,-0.49
73.46,75.98,-4.65,-0.49
73.56,75.39,-4.57,0.49
73.62,75.39,-4.57,0.49
73.66,74.97,-4.49,-0.98
73.76,74.8,-4.42,-0.98
73.86,73.96,-4.36,-0.49
73.94,73.96,-4.36,-0.49
73.96,73.54,-4.3,-0.98
74.06,73.2,-4.25,0
74.16,72.78,-4.21,0
74.26,72.19,-4.18,0.98
74.26,72.19,-4.18,0.98
74.36,71.51,-4.16,-0.49
74.46,71.43,-4.14,0.49
74.56,71.17,-4.14,1.47
74.58,71.17,-4.14,1.47
74.66,70.33,-4.15,0.49
74.76,69.91,-4.17,0
74.86,69.74,-4.19,0.49
74.9,69.74,-4.19,0.49
74.96,69.23,-4.22,0
75.06,68.64,-4.26,0.98
75.16,68.39,-4.3,0.98
75.22,68.39,-4.3,0.98
75.26,68.3,-4.34,0.49
75.36,68.56,-4.39,0.49
75.46,67.63,-4.44,0.49
75.54,67.63,-4.44,0.49
75.56,67.29,-4.5,-0.98
75.66,66.7,-4.56,0.49
75.76,66.11,-4.61,0
75.86,65.18,-4.67,-0.49
75.86,65.18,-4.67,-0.49
75.96,65.35,-4.73,0.49
76.06,64.93,-4.77,-0.49
76.16,63.91,-4.81,-0.49
76.18,63.91,-4.81,-0.49
76.26,63.58,-4.84,-0.98
76.36,63.24,-4.86,-0.98
76.46,62.9,-4.87,-0.49
76.5,62.9,-4.87,-0.49
76.56,62.06,-4.86,0
76.66,61.55,-4.85,0.49
76.76,60.79,-4.83,0.49
76.82,60.79,-4.83,0.49
76.86,60.71,-4.8,0.49
76.96,59.44,-4.77,0
77.06,59.02,-4.72,-0.49
77.14,59.02,-4.72,-0.49
77.16,58.77,-4.67,-0.49
77.26,58.52,-4.62,-0.49
77.36,58.1,-4.56,-1.47
77.46,57.34,-4.51,-0.98
77.46,57.34,-4.51,-0.98
77.56,57.08,-4.46,-0.49
77.66,57.42,-4.41,-0.98
77.76,56.33,-4.36,-0.49
77.78,56.33,-4.36,-0.49
77.86,55.65,-4.33,-0.49
77.96,55.57,-4.29,-0.49
78.06,55.06,-4.26,-0.49
78.1,55.06,-4.26,-0.49
78.16,55.06,-4.23,-0.98
78.26,54.3,-4.2,-1.47
78.36,54.05,-4.18,-1.47
78.42,54.05,-4.18,-1.47
78.46,53.46,-4.16,-0.98
78.56,52.87,-4.14,-0.98
78.66,52.45,-4.12,0
78.74,52.45,-4.12,0
78.76,52.11,-4.1,0
78.86,51.69,-4.08,0
78.96,51.18,-4.06,0.49
79.06,51.02,-4.04,0.98
79.06,51.02,-4.04,0.98
79.16,50.85,-4.03,-0.49
79.26,49.92,-4.02,-0.49
79.36,49.84,-4.02,0
79.38,49.84,-4.02,0
79.46,49.08,-4.03,-0.49
79.56,48.99,-4.06,0
79.66,48.66,-4.09,-0.49
79.7,48.66,-4.09,-0.49
79.76,48.4,-4.14,-0.49
79.86,47.48,-4.2,0
79.96,47.23,-4.26,0
80.02,47.23,-4.26,0
80.06,46.97,-4.34,0
80.16,46.55,-4.42,0
80.26,46.3,-4.5,0.49
80.34,46.3,-4.5,0.49
80.36,45.96,-4.59,0
80.46,45.63,-4.68,0
80.56,45.12,-4.78,-0.98
80.66,45.12,-4.86,-1.96
80.66,45.12,-4.86,-1.96
80.76,44.28,-4.94,-1.96
80.86,43.94,-5.01,-1.47
80.96,43.69,-5.08,-1.47
80.98,43.69,-5.08,-1.47
81.06,43.1,-5.13,-0.49
81.16,42.09,-5.17,-0.49
81.26,40.99,-5.2,-0.49
81.3,40.99,-5.2,-0.49
81.36,39.82,-5.22,0
81.46,38.89,-5.24,0
81.56,38.39,-5.24,-0.98
81.62,38.39,-5.24,-0.98
81.66,38.47,-5.24,-0.98
81.76,37.97,-5.23,0
81.86,38.05,-5.23,-0.49
81.94,38.05,-5.23,-0.49
81.96,37.8,-5.22,-0.98
82.06,37.12,-5.22,-0.98
82.16,36.79,-5.22,-1.47
82.26,36.62,-5.22,-2.94
82.26,36.62,-5.22,-2.94
82.36,35.44,-5.23,0
82.46,35.19,-5.24,-1.47
82.56,34.52,-5.25,2.94
82.58,34.52,-5.25,2.94
82.66,34.18,-5.26,1.47
82.76,33.25,-5.27,1.47
82.86,33,-5.28,-0.98
82.9,33,-5.28,-0.98
82.96,32.08,-5.28,-2.45
83.06,31.99,-5.28,-1.96
83.16,31.32,-5.28,-1.47
83.22,31.32,-5.28,-1.47
83.26,30.31,-5.27,-0.98
83.36,30.23,-5.25,-0.49
83.46,29.89,-5.2,0.98
83.54,29.89,-5.2,0.98
83.56,28.8,-5.15,0.49
83.66,28.29,-5.08,1.96
83.76,27.96,-5,-0.49
83.86,27.28,-4.91,-0.49
83.86,27.28,-4.91,-0.49
83.96,26.78,-4.82,-1.47
84.06,25.94,-4.72,-0.98
84.16,25.52,-4.63,-0.49
84.18,25.52,-4.63,-0.49
84.26,25.43,-4.54,-0.49
84.36,24.68,-4.46,-0.49
84.46,24.01,-4.39,-0.98
84.5,24.01,-4.39,-0.98
84.56,24.09,-4.33,-1.47
84.66,24.34,-4.28,-1.47
84.76,23.42,-4.24,-0.98
84.82,23.42,-4.24,-0.98
84.86,22.83,-4.22,-0.98
84.96,22.33,-4.2,-0.49
85.06,21.65,-4.2,0
85.14,21.65,-4.2,0
85.16,21.49,-4.21,0.49
85.26,21.74,-4.22,3.43
85.36,21.74,-4.24,2.45
85.46,21.57,-4.26,1.96
85.46,21.57,-4.26,1.96
85.56,20.9,-4.28,-0.49
85.66,20.23,-4.29,-1.96
85.76,19.05,-4.3,0.49
85.78,19.05,-4.3,0.49
85.86,18.97,-4.3,0.98
85.96,18.55,-4.29,0.49
86.06,17.29,-4.27,0
86.1,17.29,-4.27,0
86.16,17.62,-4.24,-0.49
86.26,16.95,-4.2,-0.49
86.36,15.94,-4.16,0.98
86.42,15.94,-4.16,0.98
86.46,15.94,-4.12,1.47
86.56,15.02,-4.06,0
86.66,15.27,-4.01,0.49
86.74,15.27,-4.01,0.49
86.76,14.85,-3.96,-0.49
86.86,14.51,-3.91,0.98
86.96,13.93,-3.88,1.47
87.06,13.42,-3.85,0.98
87.06,13.42,-3.85,0.98
87.16,13.17,-3.82,-0.49
87.26,12.75,-3.81,0.49
87.36,12.33,-3.8,0
87.38,12.33,-3.8,0
87.46,12.92,-3.79,-0.49
87.56,12.16,-3.8,0
87.66,12.5,-3.81,-0.98
87.7,12.5,-3.81,-0.98
87.76,12.08,-3.84,-1.47
87.86,11.16,-3.85,-1.96
87.96,10.99,-3.86,-0.98
88.02,10.99,-3.86,-0.98
88.06,10.23,-3.87,-1.47
88.16,9.73,-3.87,-0.49
88.26,9.06,-3.86,0
88.34,9.06,-3.86,0
88.36,8.56,-3.83,0
88.46,8.05,-3.77,1.47
88.56,7.88,-3.7,2.94
88.66,7.3,-3.61,1.47
88.66,7.3,-3.61,1.47
88.76,7.38,-3.51,1.96
88.86,6.46,-3.38,1.96
88.96,5.7,-3.25,1.96
88.98,5.7,-3.25,1.96
89.06,6.37,-3.09,1.47
89.16,5.7,-2.93,0.98
89.26,5.12,-2.75,-4.41
89.3,5.12,-2.75,-4.41
89.36,5.2,-2.57,4.9
89.46,5.28,-2.37,0
89.56,4.44,-2.17,-0.98
89.62,4.44,-2.17,-0.98
89.66,3.61,-1.98,-2.45
89.76,3.19,-1.78,-3.43
89.86,3.94,-1.6,-5.39
89.94,3.94,-1.6,-5.39
89.96,3.94,-1.42,-14.71
90.06,3.35,-1.25,-7.85
90.16,3.02,-1.1,-3.92
90.26,3.52,-0.95,10.79
90.26,3.52,-0.95,10.79
90.36,3.69,-0.82,11.77
90.46,3.94,-0.71,0.49
90.56,3.94,-0.62,-0.98
90.58,3.94,-0.62,-0.98
90.66,3.52,-0.55,6.86
90.76,3.02,-0.5,-1.96
90.86,3.27,-0.49,-6.37
90.9,3.27,-0.49,-6.37
90.96,2.93,-0.5,-4.41
91.06,3.19,-0.53,-3.92
91.16,3.1,-0.59,-10.3
91.22,3.1,-0.59,-10.3
91.26,3.19,-0.67,-12.26
91.36,3.61,-0.77,-2.45
91.46,3.52,-0.87,-1.47
91.54,3.52,-0.87,-1.47
91.56,3.77,-0.98,-8.83
91.66,3.44,-1.09,-5.88
91.76,3.44,-1.18,-3.92
91.86,3.27,-1.25,-8.83
91.86,3.27,-1.25,-8.83
91.96,3.35,-1.29,-9.81
92.06,3.44,-1.32,0.49
92.16,2.68,-1.32,-5.39
92.18,2.68,-1.32,-5.39
92.26,3.27,-1.31,-8.34
92.36,2.43,-1.27,-11.77
92.46,2.1,-1.22,-15.69
92.5,2.1,-1.22,-15.69
92.56,1.84,-1.15,-10.3
92.66,1.17,-1.09,-7.35
92.76,0.59,-1.09,-5.88
92.82,0.59,-1.09,-5.88
